{
"type": "FeatureCollection",
"name": "county_smooth_inset",
"crs": { "type": "name", "properties": { "name": "urn:ogc:def:crs:OGC:1.3:CRS84" } },
"features": [
{ "type": "Feature", "properties": { "COUNTYID": "G", "COUNTYCODE": "10002", "COUNTYNAME": "宜蘭縣", "COUNTYENG": "Yilan County", "layout": "main", "is_inset": false, "inset_scale": 1.0, "inset_label": null, "include_waisanding": "False" }, "geometry": { "type": "Polygon", "coordinates": [ [ [ 121.966036, 24.983081 ], [ 121.925592, 24.96856 ], [ 121.916273, 24.95186 ], [ 121.887889, 24.93509 ], [ 121.885374, 24.918891 ], [ 121.851362, 24.890114 ], [ 121.830622, 24.850446 ], [ 121.819692, 24.803215 ], [ 121.820986, 24.747694 ], [ 121.836312, 24.708234 ], [ 121.838187, 24.672891 ], [ 121.852125, 24.627999 ], [ 121.885, 24.599608 ], [ 121.869833, 24.576082 ], [ 121.873708, 24.534633 ], [ 121.841913, 24.520247 ], [ 121.840235, 24.498035 ], [ 121.850727, 24.484891 ], [ 121.801864, 24.434337 ], [ 121.791148, 24.40823 ], [ 121.787028, 24.372496 ], [ 121.770891, 24.332587 ], [ 121.774065, 24.315271 ], [ 121.714346, 24.326719 ], [ 121.673983, 24.343396 ], [ 121.630952, 24.370549 ], [ 121.621755, 24.357168 ], [ 121.632972, 24.334963 ], [ 121.599452, 24.333373 ], [ 121.607023, 24.312637 ], [ 121.560085, 24.322635 ], [ 121.556079, 24.331154 ], [ 121.522159, 24.343022 ], [ 121.498121, 24.339234 ], [ 121.452012, 24.36468 ], [ 121.437787, 24.382876 ], [ 121.400595, 24.379584 ], [ 121.373579, 24.368165 ], [ 121.364888, 24.389074 ], [ 121.338481, 24.390054 ], [ 121.324996, 24.406912 ], [ 121.328066, 24.433911 ], [ 121.317665, 24.441489 ], [ 121.342418, 24.481713 ], [ 121.35775, 24.486609 ], [ 121.401634, 24.529238 ], [ 121.39468, 24.555574 ], [ 121.412162, 24.573103 ], [ 121.403046, 24.591707 ], [ 121.427811, 24.606086 ], [ 121.459498, 24.673158 ], [ 121.479996, 24.673849 ], [ 121.536873, 24.688495 ], [ 121.543404, 24.705737 ], [ 121.587688, 24.720329 ], [ 121.595364, 24.739121 ], [ 121.591955, 24.787503 ], [ 121.620438, 24.792554 ], [ 121.63006, 24.808939 ], [ 121.668777, 24.816932 ], [ 121.73263, 24.855816 ], [ 121.760985, 24.856701 ], [ 121.784931, 24.875618 ], [ 121.792511, 24.900001 ], [ 121.83182, 24.904908 ], [ 121.852124, 24.923736 ], [ 121.839847, 24.942203 ], [ 121.847178, 24.960358 ], [ 121.897204, 24.967067 ], [ 121.943931, 24.98794 ], [ 121.966036, 24.983081 ] ] ] } },
{ "type": "Feature", "properties": { "COUNTYID": "N", "COUNTYCODE": "10007", "COUNTYNAME": "彰化縣", "COUNTYENG": "Changhua County", "layout": "main", "is_inset": false, "inset_scale": 1.0, "inset_label": null, "include_waisanding": "False" }, "geometry": { "type": "Polygon", "coordinates": [ [ [ 120.45656, 24.207183 ], [ 120.504388, 24.191143 ], [ 120.532251, 24.12692 ], [ 120.54969, 24.11388 ], [ 120.612369, 24.102579 ], [ 120.625347, 24.068949 ], [ 120.628658, 24.02962 ], [ 120.655661, 24.030672 ], [ 120.678646, 24.014031 ], [ 120.672581, 24.005847 ], [ 120.641538, 24.008144 ], [ 120.650093, 23.984921 ], [ 120.646853, 23.963377 ], [ 120.628988, 23.949828 ], [ 120.637265, 23.924561 ], [ 120.620136, 23.865704 ], [ 120.618871, 23.841685 ], [ 120.650701, 23.812717 ], [ 120.678819, 23.816295 ], [ 120.666642, 23.79357 ], [ 120.640374, 23.786048 ], [ 120.592593, 23.791067 ], [ 120.550751, 23.801172 ], [ 120.511054, 23.800092 ], [ 120.45197, 23.817283 ], [ 120.43311, 23.830148 ], [ 120.370325, 23.828559 ], [ 120.360115, 23.823257 ], [ 120.308126, 23.820302 ], [ 120.255019, 23.834252 ], [ 120.220362, 23.866219 ], [ 120.23533, 23.88526 ], [ 120.257743, 23.899329 ], [ 120.284021, 23.955782 ], [ 120.306921, 23.972223 ], [ 120.316458, 23.999232 ], [ 120.334142, 24.013939 ], [ 120.342086, 24.060128 ], [ 120.381818, 24.096854 ], [ 120.396833, 24.117493 ], [ 120.416082, 24.16953 ], [ 120.443957, 24.18894 ], [ 120.45656, 24.207183 ] ] ] } },
{ "type": "Feature", "properties": { "COUNTYID": "M", "COUNTYCODE": "10008", "COUNTYNAME": "南投縣", "COUNTYENG": "Nantou County", "layout": "main", "is_inset": false, "inset_scale": 1.0, "inset_label": null, "include_waisanding": "False" }, "geometry": { "type": "Polygon", "coordinates": [ [ [ 121.34302, 24.223554 ], [ 121.349677, 24.200235 ], [ 121.325765, 24.196173 ], [ 121.305648, 24.180047 ], [ 121.288118, 24.177665 ], [ 121.281369, 24.135873 ], [ 121.315884, 24.116419 ], [ 121.323132, 24.084941 ], [ 121.283208, 24.054267 ], [ 121.285728, 24.039722 ], [ 121.260112, 23.992324 ], [ 121.27791, 23.965833 ], [ 121.266271, 23.907266 ], [ 121.268451, 23.883753 ], [ 121.239767, 23.841051 ], [ 121.228346, 23.785223 ], [ 121.205325, 23.771131 ], [ 121.228815, 23.744284 ], [ 121.241173, 23.709006 ], [ 121.235424, 23.661408 ], [ 121.213121, 23.600083 ], [ 121.194561, 23.600524 ], [ 121.169409, 23.586575 ], [ 121.147657, 23.552943 ], [ 121.146955, 23.527193 ], [ 121.092098, 23.514842 ], [ 121.068522, 23.518475 ], [ 121.06208, 23.49943 ], [ 121.039007, 23.474433 ], [ 121.052065, 23.451012 ], [ 121.015268, 23.43541 ], [ 121.015855, 23.451609 ], [ 120.999693, 23.462167 ], [ 120.957515, 23.469503 ], [ 120.917483, 23.475693 ], [ 120.838973, 23.471218 ], [ 120.827076, 23.483381 ], [ 120.823178, 23.510941 ], [ 120.808611, 23.536185 ], [ 120.820677, 23.56262 ], [ 120.823705, 23.587159 ], [ 120.752936, 23.614848 ], [ 120.730865, 23.610807 ], [ 120.723824, 23.621904 ], [ 120.691543, 23.62039 ], [ 120.661203, 23.61047 ], [ 120.635412, 23.619879 ], [ 120.629077, 23.635165 ], [ 120.646773, 23.672513 ], [ 120.639741, 23.726621 ], [ 120.655973, 23.753762 ], [ 120.640374, 23.786048 ], [ 120.666642, 23.79357 ], [ 120.678819, 23.816295 ], [ 120.650701, 23.812717 ], [ 120.618871, 23.841685 ], [ 120.620136, 23.865704 ], [ 120.637265, 23.924561 ], [ 120.628988, 23.949828 ], [ 120.646853, 23.963377 ], [ 120.650093, 23.984921 ], [ 120.641538, 24.008144 ], [ 120.672581, 24.005847 ], [ 120.678646, 24.014031 ], [ 120.706383, 24.005191 ], [ 120.731731, 24.009003 ], [ 120.746037, 23.998561 ], [ 120.770562, 24.009074 ], [ 120.797251, 24.040941 ], [ 120.806977, 24.064223 ], [ 120.8293, 24.071509 ], [ 120.828526, 24.094486 ], [ 120.84485, 24.124526 ], [ 120.894913, 24.116522 ], [ 120.919882, 24.107441 ], [ 120.950109, 24.127862 ], [ 120.975222, 24.116954 ], [ 120.998624, 24.126913 ], [ 121.015511, 24.156007 ], [ 121.05259, 24.154767 ], [ 121.105685, 24.197214 ], [ 121.135293, 24.196211 ], [ 121.167704, 24.225385 ], [ 121.180739, 24.21228 ], [ 121.219712, 24.22924 ], [ 121.237956, 24.219708 ], [ 121.255073, 24.243219 ], [ 121.277739, 24.231875 ], [ 121.324444, 24.233007 ], [ 121.34302, 24.223554 ] ] ] } },
{ "type": "Feature", "properties": { "COUNTYID": "P", "COUNTYCODE": "10009", "COUNTYNAME": "雲林縣", "COUNTYENG": "Yunlin County", "layout": "main", "is_inset": false, "inset_scale": 1.0, "inset_label": null, "include_waisanding": "False" }, "geometry": { "type": "Polygon", "coordinates": [ [ [ 120.640374, 23.786048 ], [ 120.655973, 23.753762 ], [ 120.639741, 23.726621 ], [ 120.646773, 23.672513 ], [ 120.629077, 23.635165 ], [ 120.635412, 23.619879 ], [ 120.661203, 23.61047 ], [ 120.691543, 23.62039 ], [ 120.723824, 23.621904 ], [ 120.730865, 23.610807 ], [ 120.733892, 23.58472 ], [ 120.717945, 23.569042 ], [ 120.670772, 23.578476 ], [ 120.650823, 23.572423 ], [ 120.645621, 23.593533 ], [ 120.609804, 23.582609 ], [ 120.576704, 23.583561 ], [ 120.536939, 23.594727 ], [ 120.499492, 23.635063 ], [ 120.422027, 23.619266 ], [ 120.402645, 23.626937 ], [ 120.36651, 23.607806 ], [ 120.356695, 23.594036 ], [ 120.263451, 23.533527 ], [ 120.242039, 23.53869 ], [ 120.246652, 23.51383 ], [ 120.223047, 23.504318 ], [ 120.180978, 23.50985 ], [ 120.145846, 23.520823 ], [ 120.13957, 23.549784 ], [ 120.143307, 23.572127 ], [ 120.13713, 23.620364 ], [ 120.123966, 23.6432 ], [ 120.145381, 23.691939 ], [ 120.146923, 23.706746 ], [ 120.169188, 23.758933 ], [ 120.15697, 23.784447 ], [ 120.207674, 23.837218 ], [ 120.220362, 23.866219 ], [ 120.255019, 23.834252 ], [ 120.308126, 23.820302 ], [ 120.360115, 23.823257 ], [ 120.370325, 23.828559 ], [ 120.43311, 23.830148 ], [ 120.45197, 23.817283 ], [ 120.511054, 23.800092 ], [ 120.550751, 23.801172 ], [ 120.592593, 23.791067 ], [ 120.640374, 23.786048 ] ] ] } },
{ "type": "Feature", "properties": { "COUNTYID": "T", "COUNTYCODE": "10013", "COUNTYNAME": "屏東縣", "COUNTYENG": "Pingtung County", "layout": "main", "is_inset": false, "inset_scale": 1.0, "inset_label": null, "include_waisanding": "False" }, "geometry": { "type": "Polygon", "coordinates": [ [ [ 120.864565, 22.843081 ], [ 120.868629, 22.816851 ], [ 120.9033, 22.799807 ], [ 120.903859, 22.77581 ], [ 120.89356, 22.766784 ], [ 120.894718, 22.737587 ], [ 120.883511, 22.717067 ], [ 120.848694, 22.716985 ], [ 120.83679, 22.697078 ], [ 120.797673, 22.689101 ], [ 120.786348, 22.662982 ], [ 120.761312, 22.630039 ], [ 120.745758, 22.588319 ], [ 120.739479, 22.551453 ], [ 120.7627, 22.501098 ], [ 120.751608, 22.45841 ], [ 120.775032, 22.444286 ], [ 120.789638, 22.417648 ], [ 120.758116, 22.404903 ], [ 120.747515, 22.371404 ], [ 120.767946, 22.347398 ], [ 120.785057, 22.345523 ], [ 120.79679, 22.318324 ], [ 120.788607, 22.294002 ], [ 120.79819, 22.276461 ], [ 120.839393, 22.24367 ], [ 120.866677, 22.229809 ], [ 120.896295, 22.24643 ], [ 120.898924, 22.229836 ], [ 120.890697, 22.195329 ], [ 120.894216, 22.172631 ], [ 120.887856, 22.133296 ], [ 120.894079, 22.088608 ], [ 120.893656, 22.049729 ], [ 120.901215, 22.034373 ], [ 120.875786, 21.998847 ], [ 120.846071, 21.98621 ], [ 120.842329, 21.949957 ], [ 120.867135, 21.902728 ], [ 120.851136, 21.896357 ], [ 120.822223, 21.934364 ], [ 120.783018, 21.943544 ], [ 120.764684, 21.959129 ], [ 120.748442, 21.949464 ], [ 120.739574, 21.919713 ], [ 120.710576, 21.934113 ], [ 120.713551, 21.980605 ], [ 120.693829, 22.002589 ], [ 120.685234, 22.023901 ], [ 120.704476, 22.056044 ], [ 120.699298, 22.082779 ], [ 120.716847, 22.093252 ], [ 120.672002, 22.233247 ], [ 120.649285, 22.255745 ], [ 120.652096, 22.268239 ], [ 120.636175, 22.31278 ], [ 120.605123, 22.34265 ], [ 120.585574, 22.369387 ], [ 120.549593, 22.392442 ], [ 120.458544, 22.439358 ], [ 120.424434, 22.468713 ], [ 120.422856, 22.518451 ], [ 120.442705, 22.562319 ], [ 120.445789, 22.598829 ], [ 120.433683, 22.617595 ], [ 120.436628, 22.665016 ], [ 120.455741, 22.718493 ], [ 120.453775, 22.761497 ], [ 120.468755, 22.830673 ], [ 120.476237, 22.838185 ], [ 120.509988, 22.828511 ], [ 120.554195, 22.828825 ], [ 120.60582, 22.87321 ], [ 120.645028, 22.885176 ], [ 120.660905, 22.85967 ], [ 120.676722, 22.857254 ], [ 120.704539, 22.880668 ], [ 120.742679, 22.873554 ], [ 120.778711, 22.835204 ], [ 120.822957, 22.865722 ], [ 120.833038, 22.866274 ], [ 120.864565, 22.843081 ] ] ] } },
{ "type": "Feature", "properties": { "COUNTYID": "C", "COUNTYCODE": "10017", "COUNTYNAME": "基隆市", "COUNTYENG": "Keelung City", "layout": "main", "is_inset": false, "inset_scale": 1.0, "inset_label": null, "include_waisanding": "False" }, "geometry": { "type": "Polygon", "coordinates": [ [ [ 121.803509, 25.136203 ], [ 121.790156, 25.112263 ], [ 121.772974, 25.120107 ], [ 121.756058, 25.108406 ], [ 121.75913, 25.084476 ], [ 121.775703, 25.069997 ], [ 121.762337, 25.05698 ], [ 121.732301, 25.052767 ], [ 121.712369, 25.068034 ], [ 121.688421, 25.071738 ], [ 121.655694, 25.093613 ], [ 121.639573, 25.145683 ], [ 121.677659, 25.155808 ], [ 121.709658, 25.176562 ], [ 121.748502, 25.15625 ], [ 121.765556, 25.163429 ], [ 121.803509, 25.136203 ] ] ] } },
{ "type": "Feature", "properties": { "COUNTYID": "A", "COUNTYCODE": "63000", "COUNTYNAME": "臺北市", "COUNTYENG": "Taipei City", "layout": "main", "is_inset": false, "inset_scale": 1.0, "inset_label": null, "include_waisanding": "False" }, "geometry": { "type": "Polygon", "coordinates": [ [ [ 121.570989, 25.197165 ], [ 121.583997, 25.188791 ], [ 121.604075, 25.136175 ], [ 121.595601, 25.113274 ], [ 121.615464, 25.10384 ], [ 121.628615, 25.086471 ], [ 121.616462, 25.048148 ], [ 121.650237, 25.027625 ], [ 121.59564, 25.007158 ], [ 121.597077, 24.960503 ], [ 121.561219, 24.96471 ], [ 121.536854, 24.988727 ], [ 121.533867, 25.003602 ], [ 121.509121, 25.021341 ], [ 121.492659, 25.009526 ], [ 121.483642, 25.035299 ], [ 121.501358, 25.045952 ], [ 121.507045, 25.069884 ], [ 121.489103, 25.096857 ], [ 121.457331, 25.107099 ], [ 121.46561, 25.131549 ], [ 121.502734, 25.172791 ], [ 121.542827, 25.188952 ], [ 121.555009, 25.20843 ], [ 121.570989, 25.197165 ] ] ] } },
{ "type": "Feature", "properties": { "COUNTYID": "F", "COUNTYCODE": "65000", "COUNTYNAME": "新北市", "COUNTYENG": "New Taipei City", "layout": "main", "is_inset": false, "inset_scale": 1.0, "inset_label": null, "include_waisanding": "False" }, "geometry": { "type": "Polygon", "coordinates": [ [ [ 121.709658, 25.176562 ], [ 121.677659, 25.155808 ], [ 121.639573, 25.145683 ], [ 121.655694, 25.093613 ], [ 121.688421, 25.071738 ], [ 121.712369, 25.068034 ], [ 121.732301, 25.052767 ], [ 121.762337, 25.05698 ], [ 121.775703, 25.069997 ], [ 121.75913, 25.084476 ], [ 121.756058, 25.108406 ], [ 121.772974, 25.120107 ], [ 121.790156, 25.112263 ], [ 121.803509, 25.136203 ], [ 121.897074, 25.119694 ], [ 121.921208, 25.121317 ], [ 121.926552, 25.108146 ], [ 121.915361, 25.078079 ], [ 121.931717, 25.063121 ], [ 121.928963, 25.040995 ], [ 121.94711, 25.021062 ], [ 121.973651, 25.026562 ], [ 122.006927, 25.010846 ], [ 121.966036, 24.983081 ], [ 121.943931, 24.98794 ], [ 121.897204, 24.967067 ], [ 121.847178, 24.960358 ], [ 121.839847, 24.942203 ], [ 121.852124, 24.923736 ], [ 121.83182, 24.904908 ], [ 121.792511, 24.900001 ], [ 121.784931, 24.875618 ], [ 121.760985, 24.856701 ], [ 121.73263, 24.855816 ], [ 121.668777, 24.816932 ], [ 121.63006, 24.808939 ], [ 121.620438, 24.792554 ], [ 121.591955, 24.787503 ], [ 121.595364, 24.739121 ], [ 121.587688, 24.720329 ], [ 121.543404, 24.705737 ], [ 121.536873, 24.688495 ], [ 121.479996, 24.673849 ], [ 121.474236, 24.696102 ], [ 121.450356, 24.705577 ], [ 121.423425, 24.763094 ], [ 121.449525, 24.785936 ], [ 121.438267, 24.795338 ], [ 121.415645, 24.835497 ], [ 121.402704, 24.843573 ], [ 121.377895, 24.834483 ], [ 121.357791, 24.839519 ], [ 121.342126, 24.892591 ], [ 121.321262, 24.899943 ], [ 121.317585, 24.916359 ], [ 121.329154, 24.960576 ], [ 121.342716, 24.982302 ], [ 121.368786, 24.976809 ], [ 121.384061, 24.995612 ], [ 121.403237, 24.999328 ], [ 121.386157, 25.063248 ], [ 121.354888, 25.065148 ], [ 121.348941, 25.081215 ], [ 121.30285, 25.096763 ], [ 121.283387, 25.117809 ], [ 121.353451, 25.1316 ], [ 121.389769, 25.147738 ], [ 121.418848, 25.177409 ], [ 121.418936, 25.199269 ], [ 121.435921, 25.217105 ], [ 121.452687, 25.25281 ], [ 121.471575, 25.255991 ], [ 121.480946, 25.270876 ], [ 121.525942, 25.286014 ], [ 121.533765, 25.297064 ], [ 121.560311, 25.291979 ], [ 121.577732, 25.298894 ], [ 121.623126, 25.273905 ], [ 121.633887, 25.240632 ], [ 121.655856, 25.2133 ], [ 121.709658, 25.176562 ] ], [ [ 121.570989, 25.197165 ], [ 121.555009, 25.20843 ], [ 121.542827, 25.188952 ], [ 121.502734, 25.172791 ], [ 121.46561, 25.131549 ], [ 121.457331, 25.107099 ], [ 121.489103, 25.096857 ], [ 121.507045, 25.069884 ], [ 121.501358, 25.045952 ], [ 121.483642, 25.035299 ], [ 121.492659, 25.009526 ], [ 121.509121, 25.021341 ], [ 121.533867, 25.003602 ], [ 121.536854, 24.988727 ], [ 121.561219, 24.96471 ], [ 121.597077, 24.960503 ], [ 121.59564, 25.007158 ], [ 121.650237, 25.027625 ], [ 121.616462, 25.048148 ], [ 121.628615, 25.086471 ], [ 121.615464, 25.10384 ], [ 121.595601, 25.113274 ], [ 121.604075, 25.136175 ], [ 121.583997, 25.188791 ], [ 121.570989, 25.197165 ] ] ] } },
{ "type": "Feature", "properties": { "COUNTYID": "D", "COUNTYCODE": "67000", "COUNTYNAME": "臺南市", "COUNTYENG": "Tainan City", "layout": "main", "is_inset": false, "inset_scale": 1.0, "inset_label": null, "include_waisanding": "False" }, "geometry": { "type": "Polygon", "coordinates": [ [ [ 120.653445, 23.224538 ], [ 120.636568, 23.190129 ], [ 120.636168, 23.175105 ], [ 120.61663, 23.163135 ], [ 120.588426, 23.123268 ], [ 120.588164, 23.114319 ], [ 120.554497, 23.06883 ], [ 120.530217, 23.055918 ], [ 120.503717, 23.028645 ], [ 120.460853, 23.003936 ], [ 120.445191, 22.979481 ], [ 120.416511, 22.916369 ], [ 120.377532, 22.918208 ], [ 120.353701, 22.89244 ], [ 120.284565, 22.904722 ], [ 120.260535, 22.901755 ], [ 120.220115, 22.909602 ], [ 120.192056, 22.921194 ], [ 120.174749, 22.911704 ], [ 120.172009, 22.949695 ], [ 120.158678, 22.974883 ], [ 120.134745, 22.999432 ], [ 120.08713, 23.032649 ], [ 120.057956, 23.043098 ], [ 120.027898, 23.075171 ], [ 120.035258, 23.102547 ], [ 120.052115, 23.125954 ], [ 120.063504, 23.170945 ], [ 120.077507, 23.200473 ], [ 120.080618, 23.23757 ], [ 120.093367, 23.265378 ], [ 120.096317, 23.299087 ], [ 120.110808, 23.3104 ], [ 120.118078, 23.340162 ], [ 120.166204, 23.308457 ], [ 120.17868, 23.291727 ], [ 120.220874, 23.296 ], [ 120.238088, 23.327073 ], [ 120.255147, 23.330616 ], [ 120.276295, 23.348209 ], [ 120.292956, 23.375378 ], [ 120.311005, 23.385568 ], [ 120.333185, 23.385806 ], [ 120.349524, 23.401322 ], [ 120.381041, 23.403435 ], [ 120.409424, 23.412429 ], [ 120.438362, 23.413386 ], [ 120.490936, 23.39556 ], [ 120.483002, 23.371639 ], [ 120.504836, 23.368902 ], [ 120.503599, 23.351025 ], [ 120.539996, 23.32787 ], [ 120.522607, 23.311885 ], [ 120.522221, 23.273964 ], [ 120.52997, 23.247949 ], [ 120.519037, 23.239256 ], [ 120.554876, 23.217575 ], [ 120.578522, 23.215246 ], [ 120.596886, 23.229738 ], [ 120.653445, 23.224538 ] ] ] } },
{ "type": "Feature", "properties": { "COUNTYID": "H", "COUNTYCODE": "68000", "COUNTYNAME": "桃園市", "COUNTYENG": "Taoyuan City", "layout": "main", "is_inset": false, "inset_scale": 1.0, "inset_label": null, "include_waisanding": "False" }, "geometry": { "type": "Polygon", "coordinates": [ [ [ 121.283387, 25.117809 ], [ 121.30285, 25.096763 ], [ 121.348941, 25.081215 ], [ 121.354888, 25.065148 ], [ 121.386157, 25.063248 ], [ 121.403237, 24.999328 ], [ 121.384061, 24.995612 ], [ 121.368786, 24.976809 ], [ 121.342716, 24.982302 ], [ 121.329154, 24.960576 ], [ 121.317585, 24.916359 ], [ 121.321262, 24.899943 ], [ 121.342126, 24.892591 ], [ 121.357791, 24.839519 ], [ 121.377895, 24.834483 ], [ 121.402704, 24.843573 ], [ 121.415645, 24.835497 ], [ 121.438267, 24.795338 ], [ 121.449525, 24.785936 ], [ 121.423425, 24.763094 ], [ 121.450356, 24.705577 ], [ 121.474236, 24.696102 ], [ 121.479996, 24.673849 ], [ 121.459498, 24.673158 ], [ 121.427811, 24.606086 ], [ 121.403046, 24.591707 ], [ 121.372783, 24.593747 ], [ 121.358857, 24.617374 ], [ 121.35323, 24.666322 ], [ 121.3294, 24.691325 ], [ 121.299486, 24.695566 ], [ 121.307617, 24.719904 ], [ 121.29812, 24.733232 ], [ 121.307716, 24.754982 ], [ 121.277423, 24.770924 ], [ 121.238244, 24.804653 ], [ 121.221572, 24.799415 ], [ 121.152836, 24.846164 ], [ 121.161384, 24.859469 ], [ 121.15567, 24.880709 ], [ 121.113496, 24.882558 ], [ 121.06142, 24.903807 ], [ 121.055448, 24.93624 ], [ 121.038664, 24.945996 ], [ 120.982033, 24.939974 ], [ 121.011007, 24.978354 ], [ 121.028631, 25.020582 ], [ 121.051964, 25.043522 ], [ 121.125014, 25.076803 ], [ 121.157185, 25.084388 ], [ 121.212081, 25.109957 ], [ 121.25978, 25.123613 ], [ 121.283387, 25.117809 ] ] ] } },
{ "type": "Feature", "properties": { "COUNTYID": "I", "COUNTYCODE": "10020", "COUNTYNAME": "嘉義市", "COUNTYENG": "Chiayi City", "layout": "main", "is_inset": false, "inset_scale": 1.0, "inset_label": null, "include_waisanding": "False" }, "geometry": { "type": "Polygon", "coordinates": [ [ [ 120.447587, 23.518186 ], [ 120.462625, 23.500735 ], [ 120.483155, 23.505362 ], [ 120.509238, 23.47484 ], [ 120.494913, 23.452782 ], [ 120.468655, 23.461597 ], [ 120.439575, 23.439555 ], [ 120.429298, 23.461041 ], [ 120.415161, 23.460274 ], [ 120.393438, 23.482377 ], [ 120.411989, 23.499015 ], [ 120.447587, 23.518186 ] ] ] } },
{ "type": "Feature", "properties": { "COUNTYID": "Q", "COUNTYCODE": "10010", "COUNTYNAME": "嘉義縣", "COUNTYENG": "Chiayi County", "layout": "main", "is_inset": false, "inset_scale": 1.0, "inset_label": null, "include_waisanding": "False" }, "geometry": { "type": "Polygon", "coordinates": [ [ [ 120.730865, 23.610807 ], [ 120.752936, 23.614848 ], [ 120.823705, 23.587159 ], [ 120.820677, 23.56262 ], [ 120.808611, 23.536185 ], [ 120.823178, 23.510941 ], [ 120.827076, 23.483381 ], [ 120.838973, 23.471218 ], [ 120.917483, 23.475693 ], [ 120.957515, 23.469503 ], [ 120.928304, 23.456783 ], [ 120.896783, 23.4509 ], [ 120.887094, 23.435203 ], [ 120.849172, 23.419485 ], [ 120.828528, 23.374954 ], [ 120.804695, 23.367211 ], [ 120.783215, 23.342204 ], [ 120.758069, 23.344265 ], [ 120.747856, 23.321909 ], [ 120.712166, 23.308697 ], [ 120.693511, 23.28454 ], [ 120.643744, 23.296097 ], [ 120.638518, 23.268823 ], [ 120.653445, 23.224538 ], [ 120.596886, 23.229738 ], [ 120.578522, 23.215246 ], [ 120.554876, 23.217575 ], [ 120.519037, 23.239256 ], [ 120.52997, 23.247949 ], [ 120.522221, 23.273964 ], [ 120.522607, 23.311885 ], [ 120.539996, 23.32787 ], [ 120.503599, 23.351025 ], [ 120.504836, 23.368902 ], [ 120.483002, 23.371639 ], [ 120.490936, 23.39556 ], [ 120.438362, 23.413386 ], [ 120.409424, 23.412429 ], [ 120.381041, 23.403435 ], [ 120.349524, 23.401322 ], [ 120.333185, 23.385806 ], [ 120.311005, 23.385568 ], [ 120.292956, 23.375378 ], [ 120.276295, 23.348209 ], [ 120.255147, 23.330616 ], [ 120.238088, 23.327073 ], [ 120.220874, 23.296 ], [ 120.17868, 23.291727 ], [ 120.166204, 23.308457 ], [ 120.118078, 23.340162 ], [ 120.13166, 23.384779 ], [ 120.157784, 23.38579 ], [ 120.145512, 23.428596 ], [ 120.14968, 23.454269 ], [ 120.133565, 23.488154 ], [ 120.119429, 23.495486 ], [ 120.118924, 23.515056 ], [ 120.145846, 23.520823 ], [ 120.180978, 23.50985 ], [ 120.223047, 23.504318 ], [ 120.246652, 23.51383 ], [ 120.242039, 23.53869 ], [ 120.263451, 23.533527 ], [ 120.356695, 23.594036 ], [ 120.36651, 23.607806 ], [ 120.402645, 23.626937 ], [ 120.422027, 23.619266 ], [ 120.499492, 23.635063 ], [ 120.536939, 23.594727 ], [ 120.576704, 23.583561 ], [ 120.609804, 23.582609 ], [ 120.645621, 23.593533 ], [ 120.650823, 23.572423 ], [ 120.670772, 23.578476 ], [ 120.717945, 23.569042 ], [ 120.733892, 23.58472 ], [ 120.730865, 23.610807 ] ], [ [ 120.447587, 23.518186 ], [ 120.411989, 23.499015 ], [ 120.393438, 23.482377 ], [ 120.415161, 23.460274 ], [ 120.429298, 23.461041 ], [ 120.439575, 23.439555 ], [ 120.468655, 23.461597 ], [ 120.494913, 23.452782 ], [ 120.509238, 23.47484 ], [ 120.483155, 23.505362 ], [ 120.462625, 23.500735 ], [ 120.447587, 23.518186 ] ] ] } },
{ "type": "Feature", "properties": { "COUNTYID": "E", "COUNTYCODE": "64000", "COUNTYNAME": "高雄市", "COUNTYENG": "Kaohsiung City", "layout": "main", "is_inset": false, "inset_scale": 1.0, "inset_label": null, "include_waisanding": "False" }, "geometry": { "type": "Polygon", "coordinates": [ [ [ 121.015268, 23.43541 ], [ 121.029248, 23.42279 ], [ 121.025971, 23.40293 ], [ 121.001133, 23.391745 ], [ 120.988111, 23.370676 ], [ 121.010404, 23.345814 ], [ 121.048164, 23.325883 ], [ 121.046444, 23.309113 ], [ 121.028324, 23.297122 ], [ 120.986085, 23.280323 ], [ 120.97028, 23.280606 ], [ 120.937897, 23.244949 ], [ 120.915461, 23.23751 ], [ 120.895004, 23.160718 ], [ 120.8766, 23.150945 ], [ 120.887871, 23.136375 ], [ 120.889151, 23.100492 ], [ 120.869314, 23.059926 ], [ 120.881259, 23.044196 ], [ 120.863428, 23.032261 ], [ 120.860657, 23.00805 ], [ 120.832225, 22.980061 ], [ 120.82092, 22.960949 ], [ 120.828535, 22.905208 ], [ 120.84198, 22.881218 ], [ 120.859727, 22.878368 ], [ 120.869432, 22.857954 ], [ 120.864565, 22.843081 ], [ 120.833038, 22.866274 ], [ 120.822957, 22.865722 ], [ 120.778711, 22.835204 ], [ 120.742679, 22.873554 ], [ 120.704539, 22.880668 ], [ 120.676722, 22.857254 ], [ 120.660905, 22.85967 ], [ 120.645028, 22.885176 ], [ 120.60582, 22.87321 ], [ 120.554195, 22.828825 ], [ 120.509988, 22.828511 ], [ 120.476237, 22.838185 ], [ 120.468755, 22.830673 ], [ 120.453775, 22.761497 ], [ 120.455741, 22.718493 ], [ 120.436628, 22.665016 ], [ 120.433683, 22.617595 ], [ 120.445789, 22.598829 ], [ 120.442705, 22.562319 ], [ 120.422856, 22.518451 ], [ 120.424434, 22.468713 ], [ 120.401856, 22.473885 ], [ 120.321833, 22.527791 ], [ 120.302838, 22.55777 ], [ 120.263773, 22.601902 ], [ 120.263328, 22.624098 ], [ 120.249947, 22.650727 ], [ 120.264456, 22.67521 ], [ 120.256273, 22.717294 ], [ 120.205983, 22.820154 ], [ 120.174749, 22.911704 ], [ 120.192056, 22.921194 ], [ 120.220115, 22.909602 ], [ 120.260535, 22.901755 ], [ 120.284565, 22.904722 ], [ 120.353701, 22.89244 ], [ 120.377532, 22.918208 ], [ 120.416511, 22.916369 ], [ 120.445191, 22.979481 ], [ 120.460853, 23.003936 ], [ 120.503717, 23.028645 ], [ 120.530217, 23.055918 ], [ 120.554497, 23.06883 ], [ 120.588164, 23.114319 ], [ 120.588426, 23.123268 ], [ 120.61663, 23.163135 ], [ 120.636168, 23.175105 ], [ 120.636568, 23.190129 ], [ 120.653445, 23.224538 ], [ 120.638518, 23.268823 ], [ 120.643744, 23.296097 ], [ 120.693511, 23.28454 ], [ 120.712166, 23.308697 ], [ 120.747856, 23.321909 ], [ 120.758069, 23.344265 ], [ 120.783215, 23.342204 ], [ 120.804695, 23.367211 ], [ 120.828528, 23.374954 ], [ 120.849172, 23.419485 ], [ 120.887094, 23.435203 ], [ 120.896783, 23.4509 ], [ 120.928304, 23.456783 ], [ 120.957515, 23.469503 ], [ 120.999693, 23.462167 ], [ 121.015855, 23.451609 ], [ 121.015268, 23.43541 ] ] ] } },
{ "type": "Feature", "properties": { "COUNTYID": "V", "COUNTYCODE": "10014", "COUNTYNAME": "臺東縣", "COUNTYENG": "Taitung County", "layout": "main", "is_inset": false, "inset_scale": 1.0, "inset_label": null, "include_waisanding": "False" }, "geometry": { "type": "Polygon", "coordinates": [ [ [ 121.496092, 23.434826 ], [ 121.474856, 23.386625 ], [ 121.472205, 23.352431 ], [ 121.462026, 23.312539 ], [ 121.44701, 23.308887 ], [ 121.43287, 23.288131 ], [ 121.414897, 23.234928 ], [ 121.398133, 23.207966 ], [ 121.407585, 23.162285 ], [ 121.399797, 23.135119 ], [ 121.411153, 23.123979 ], [ 121.382941, 23.095492 ], [ 121.366136, 23.096167 ], [ 121.355082, 23.079658 ], [ 121.33637, 23.019317 ], [ 121.316487, 22.981237 ], [ 121.278888, 22.931558 ], [ 121.236126, 22.867903 ], [ 121.209041, 22.863095 ], [ 121.191485, 22.849685 ], [ 121.187489, 22.829277 ], [ 121.200993, 22.796049 ], [ 121.181398, 22.782904 ], [ 121.176992, 22.7601 ], [ 121.128108, 22.719362 ], [ 121.081356, 22.698198 ], [ 121.039334, 22.670336 ], [ 121.022283, 22.64923 ], [ 121.00916, 22.58896 ], [ 120.985612, 22.569456 ], [ 120.959361, 22.504757 ], [ 120.944367, 22.451863 ], [ 120.91487, 22.384924 ], [ 120.908826, 22.359196 ], [ 120.894911, 22.334661 ], [ 120.891868, 22.27749 ], [ 120.896295, 22.24643 ], [ 120.866677, 22.229809 ], [ 120.839393, 22.24367 ], [ 120.79819, 22.276461 ], [ 120.788607, 22.294002 ], [ 120.79679, 22.318324 ], [ 120.785057, 22.345523 ], [ 120.767946, 22.347398 ], [ 120.747515, 22.371404 ], [ 120.758116, 22.404903 ], [ 120.789638, 22.417648 ], [ 120.775032, 22.444286 ], [ 120.751608, 22.45841 ], [ 120.7627, 22.501098 ], [ 120.739479, 22.551453 ], [ 120.745758, 22.588319 ], [ 120.761312, 22.630039 ], [ 120.786348, 22.662982 ], [ 120.797673, 22.689101 ], [ 120.83679, 22.697078 ], [ 120.848694, 22.716985 ], [ 120.883511, 22.717067 ], [ 120.894718, 22.737587 ], [ 120.89356, 22.766784 ], [ 120.903859, 22.77581 ], [ 120.9033, 22.799807 ], [ 120.868629, 22.816851 ], [ 120.864565, 22.843081 ], [ 120.869432, 22.857954 ], [ 120.859727, 22.878368 ], [ 120.84198, 22.881218 ], [ 120.828535, 22.905208 ], [ 120.82092, 22.960949 ], [ 120.832225, 22.980061 ], [ 120.860657, 23.00805 ], [ 120.863428, 23.032261 ], [ 120.881259, 23.044196 ], [ 120.869314, 23.059926 ], [ 120.889151, 23.100492 ], [ 120.887871, 23.136375 ], [ 120.8766, 23.150945 ], [ 120.895004, 23.160718 ], [ 120.915461, 23.23751 ], [ 120.937897, 23.244949 ], [ 120.97028, 23.280606 ], [ 120.986085, 23.280323 ], [ 121.028324, 23.297122 ], [ 121.056315, 23.290299 ], [ 121.070044, 23.248756 ], [ 121.083636, 23.232964 ], [ 121.129395, 23.223298 ], [ 121.139858, 23.201527 ], [ 121.175628, 23.210187 ], [ 121.189504, 23.203717 ], [ 121.212057, 23.145235 ], [ 121.249403, 23.13142 ], [ 121.264327, 23.104054 ], [ 121.315955, 23.110471 ], [ 121.324396, 23.148979 ], [ 121.317497, 23.164369 ], [ 121.334931, 23.177933 ], [ 121.359495, 23.252813 ], [ 121.377917, 23.26962 ], [ 121.376295, 23.295767 ], [ 121.40976, 23.345946 ], [ 121.400008, 23.385215 ], [ 121.419572, 23.419415 ], [ 121.446042, 23.443549 ], [ 121.496092, 23.434826 ] ] ] } },
{ "type": "Feature", "properties": { "COUNTYID": "U", "COUNTYCODE": "10015", "COUNTYNAME": "花蓮縣", "COUNTYENG": "Hualien County", "layout": "main", "is_inset": false, "inset_scale": 1.0, "inset_label": null, "include_waisanding": "False" }, "geometry": { "type": "Polygon", "coordinates": [ [ [ 121.774065, 24.315271 ], [ 121.748163, 24.27989 ], [ 121.744111, 24.261291 ], [ 121.716966, 24.242776 ], [ 121.706133, 24.225608 ], [ 121.672174, 24.205788 ], [ 121.658479, 24.171878 ], [ 121.663758, 24.134515 ], [ 121.619127, 24.089582 ], [ 121.616492, 24.061456 ], [ 121.630534, 24.030259 ], [ 121.647917, 24.008949 ], [ 121.628284, 23.969473 ], [ 121.606908, 23.952771 ], [ 121.611872, 23.933328 ], [ 121.598237, 23.857019 ], [ 121.576528, 23.810906 ], [ 121.572452, 23.756613 ], [ 121.549288, 23.711776 ], [ 121.553364, 23.698348 ], [ 121.543764, 23.65601 ], [ 121.531228, 23.626475 ], [ 121.529962, 23.596131 ], [ 121.51134, 23.551487 ], [ 121.503566, 23.517446 ], [ 121.51395, 23.487156 ], [ 121.496092, 23.434826 ], [ 121.446042, 23.443549 ], [ 121.419572, 23.419415 ], [ 121.400008, 23.385215 ], [ 121.40976, 23.345946 ], [ 121.376295, 23.295767 ], [ 121.377917, 23.26962 ], [ 121.359495, 23.252813 ], [ 121.334931, 23.177933 ], [ 121.317497, 23.164369 ], [ 121.324396, 23.148979 ], [ 121.315955, 23.110471 ], [ 121.264327, 23.104054 ], [ 121.249403, 23.13142 ], [ 121.212057, 23.145235 ], [ 121.189504, 23.203717 ], [ 121.175628, 23.210187 ], [ 121.139858, 23.201527 ], [ 121.129395, 23.223298 ], [ 121.083636, 23.232964 ], [ 121.070044, 23.248756 ], [ 121.056315, 23.290299 ], [ 121.028324, 23.297122 ], [ 121.046444, 23.309113 ], [ 121.048164, 23.325883 ], [ 121.010404, 23.345814 ], [ 120.988111, 23.370676 ], [ 121.001133, 23.391745 ], [ 121.025971, 23.40293 ], [ 121.029248, 23.42279 ], [ 121.015268, 23.43541 ], [ 121.052065, 23.451012 ], [ 121.039007, 23.474433 ], [ 121.06208, 23.49943 ], [ 121.068522, 23.518475 ], [ 121.092098, 23.514842 ], [ 121.146955, 23.527193 ], [ 121.147657, 23.552943 ], [ 121.169409, 23.586575 ], [ 121.194561, 23.600524 ], [ 121.213121, 23.600083 ], [ 121.235424, 23.661408 ], [ 121.241173, 23.709006 ], [ 121.228815, 23.744284 ], [ 121.205325, 23.771131 ], [ 121.228346, 23.785223 ], [ 121.239767, 23.841051 ], [ 121.268451, 23.883753 ], [ 121.266271, 23.907266 ], [ 121.27791, 23.965833 ], [ 121.260112, 23.992324 ], [ 121.285728, 24.039722 ], [ 121.283208, 24.054267 ], [ 121.323132, 24.084941 ], [ 121.315884, 24.116419 ], [ 121.281369, 24.135873 ], [ 121.288118, 24.177665 ], [ 121.305648, 24.180047 ], [ 121.325765, 24.196173 ], [ 121.349677, 24.200235 ], [ 121.34302, 24.223554 ], [ 121.367024, 24.252174 ], [ 121.385125, 24.255124 ], [ 121.380474, 24.27948 ], [ 121.423234, 24.308216 ], [ 121.434948, 24.322562 ], [ 121.435618, 24.347246 ], [ 121.452012, 24.36468 ], [ 121.498121, 24.339234 ], [ 121.522159, 24.343022 ], [ 121.556079, 24.331154 ], [ 121.560085, 24.322635 ], [ 121.607023, 24.312637 ], [ 121.599452, 24.333373 ], [ 121.632972, 24.334963 ], [ 121.621755, 24.357168 ], [ 121.630952, 24.370549 ], [ 121.673983, 24.343396 ], [ 121.714346, 24.326719 ], [ 121.774065, 24.315271 ] ] ] } },
{ "type": "Feature", "properties": { "COUNTYID": "O", "COUNTYCODE": "10018", "COUNTYNAME": "新竹市", "COUNTYENG": "Hsinchu City", "layout": "main", "is_inset": false, "inset_scale": 1.0, "inset_label": null, "include_waisanding": "False" }, "geometry": { "type": "Polygon", "coordinates": [ [ [ 120.935428, 24.712594 ], [ 120.897236, 24.733364 ], [ 120.874537, 24.73832 ], [ 120.893193, 24.76136 ], [ 120.892113, 24.791934 ], [ 120.902814, 24.824068 ], [ 120.925229, 24.854811 ], [ 120.955292, 24.834361 ], [ 121.000391, 24.822059 ], [ 121.018159, 24.807348 ], [ 121.032406, 24.761691 ], [ 120.995985, 24.779984 ], [ 120.98833, 24.768454 ], [ 120.94615, 24.745279 ], [ 120.935428, 24.712594 ] ] ] } },
{ "type": "Feature", "properties": { "COUNTYID": "B", "COUNTYCODE": "66000", "COUNTYNAME": "臺中市", "COUNTYENG": "Taichung City", "layout": "main", "is_inset": false, "inset_scale": 1.0, "inset_label": null, "include_waisanding": "False" }, "geometry": { "type": "Polygon", "coordinates": [ [ [ 121.452012, 24.36468 ], [ 121.435618, 24.347246 ], [ 121.434948, 24.322562 ], [ 121.423234, 24.308216 ], [ 121.380474, 24.27948 ], [ 121.385125, 24.255124 ], [ 121.367024, 24.252174 ], [ 121.34302, 24.223554 ], [ 121.324444, 24.233007 ], [ 121.277739, 24.231875 ], [ 121.255073, 24.243219 ], [ 121.237956, 24.219708 ], [ 121.219712, 24.22924 ], [ 121.180739, 24.21228 ], [ 121.167704, 24.225385 ], [ 121.135293, 24.196211 ], [ 121.105685, 24.197214 ], [ 121.05259, 24.154767 ], [ 121.015511, 24.156007 ], [ 120.998624, 24.126913 ], [ 120.975222, 24.116954 ], [ 120.950109, 24.127862 ], [ 120.919882, 24.107441 ], [ 120.894913, 24.116522 ], [ 120.84485, 24.124526 ], [ 120.828526, 24.094486 ], [ 120.8293, 24.071509 ], [ 120.806977, 24.064223 ], [ 120.797251, 24.040941 ], [ 120.770562, 24.009074 ], [ 120.746037, 23.998561 ], [ 120.731731, 24.009003 ], [ 120.706383, 24.005191 ], [ 120.678646, 24.014031 ], [ 120.655661, 24.030672 ], [ 120.628658, 24.02962 ], [ 120.625347, 24.068949 ], [ 120.612369, 24.102579 ], [ 120.54969, 24.11388 ], [ 120.532251, 24.12692 ], [ 120.504388, 24.191143 ], [ 120.45656, 24.207183 ], [ 120.476329, 24.22433 ], [ 120.523751, 24.315778 ], [ 120.559208, 24.349796 ], [ 120.561404, 24.359542 ], [ 120.621861, 24.440287 ], [ 120.639665, 24.427766 ], [ 120.691966, 24.368281 ], [ 120.730406, 24.351808 ], [ 120.758511, 24.32865 ], [ 120.805514, 24.315964 ], [ 120.833565, 24.290472 ], [ 120.874904, 24.294894 ], [ 120.904535, 24.292227 ], [ 120.922447, 24.303595 ], [ 120.917012, 24.335723 ], [ 120.935644, 24.342915 ], [ 120.991028, 24.329763 ], [ 121.004718, 24.33196 ], [ 121.035292, 24.297179 ], [ 121.073427, 24.322307 ], [ 121.086609, 24.317601 ], [ 121.12206, 24.33635 ], [ 121.14096, 24.359643 ], [ 121.167981, 24.360729 ], [ 121.190236, 24.381622 ], [ 121.231355, 24.383684 ], [ 121.243897, 24.420076 ], [ 121.260218, 24.429009 ], [ 121.30571, 24.432648 ], [ 121.317665, 24.441489 ], [ 121.328066, 24.433911 ], [ 121.324996, 24.406912 ], [ 121.338481, 24.390054 ], [ 121.364888, 24.389074 ], [ 121.373579, 24.368165 ], [ 121.400595, 24.379584 ], [ 121.437787, 24.382876 ], [ 121.452012, 24.36468 ] ] ] } },
{ "type": "Feature", "properties": { "COUNTYID": "K", "COUNTYCODE": "10005", "COUNTYNAME": "苗栗縣", "COUNTYENG": "Miaoli County", "layout": "main", "is_inset": false, "inset_scale": 1.0, "inset_label": null, "include_waisanding": "False" }, "geometry": { "type": "Polygon", "coordinates": [ [ [ 120.935428, 24.712594 ], [ 120.973879, 24.711821 ], [ 120.965171, 24.688107 ], [ 121.014388, 24.64085 ], [ 121.073795, 24.613197 ], [ 121.083034, 24.589759 ], [ 121.062191, 24.556154 ], [ 121.080243, 24.541444 ], [ 121.067027, 24.522982 ], [ 121.072063, 24.498413 ], [ 121.097754, 24.496382 ], [ 121.1237, 24.510075 ], [ 121.169138, 24.502588 ], [ 121.213978, 24.51478 ], [ 121.218673, 24.498262 ], [ 121.258092, 24.463241 ], [ 121.260218, 24.429009 ], [ 121.243897, 24.420076 ], [ 121.231355, 24.383684 ], [ 121.190236, 24.381622 ], [ 121.167981, 24.360729 ], [ 121.14096, 24.359643 ], [ 121.12206, 24.33635 ], [ 121.086609, 24.317601 ], [ 121.073427, 24.322307 ], [ 121.035292, 24.297179 ], [ 121.004718, 24.33196 ], [ 120.991028, 24.329763 ], [ 120.935644, 24.342915 ], [ 120.917012, 24.335723 ], [ 120.922447, 24.303595 ], [ 120.904535, 24.292227 ], [ 120.874904, 24.294894 ], [ 120.833565, 24.290472 ], [ 120.805514, 24.315964 ], [ 120.758511, 24.32865 ], [ 120.730406, 24.351808 ], [ 120.691966, 24.368281 ], [ 120.639665, 24.427766 ], [ 120.621861, 24.440287 ], [ 120.658494, 24.477302 ], [ 120.684682, 24.521387 ], [ 120.715813, 24.600971 ], [ 120.755953, 24.631472 ], [ 120.757695, 24.64152 ], [ 120.788595, 24.667 ], [ 120.82306, 24.672675 ], [ 120.856172, 24.702504 ], [ 120.874537, 24.73832 ], [ 120.897236, 24.733364 ], [ 120.935428, 24.712594 ] ] ] } },
{ "type": "Feature", "properties": { "COUNTYID": "J", "COUNTYCODE": "10004", "COUNTYNAME": "新竹縣", "COUNTYENG": "Hsinchu County", "layout": "main", "is_inset": false, "inset_scale": 1.0, "inset_label": null, "include_waisanding": "False" }, "geometry": { "type": "Polygon", "coordinates": [ [ [ 121.403046, 24.591707 ], [ 121.412162, 24.573103 ], [ 121.39468, 24.555574 ], [ 121.401634, 24.529238 ], [ 121.35775, 24.486609 ], [ 121.342418, 24.481713 ], [ 121.317665, 24.441489 ], [ 121.30571, 24.432648 ], [ 121.260218, 24.429009 ], [ 121.258092, 24.463241 ], [ 121.218673, 24.498262 ], [ 121.213978, 24.51478 ], [ 121.169138, 24.502588 ], [ 121.1237, 24.510075 ], [ 121.097754, 24.496382 ], [ 121.072063, 24.498413 ], [ 121.067027, 24.522982 ], [ 121.080243, 24.541444 ], [ 121.062191, 24.556154 ], [ 121.083034, 24.589759 ], [ 121.073795, 24.613197 ], [ 121.014388, 24.64085 ], [ 120.965171, 24.688107 ], [ 120.973879, 24.711821 ], [ 120.935428, 24.712594 ], [ 120.94615, 24.745279 ], [ 120.98833, 24.768454 ], [ 120.995985, 24.779984 ], [ 121.032406, 24.761691 ], [ 121.018159, 24.807348 ], [ 121.000391, 24.822059 ], [ 120.955292, 24.834361 ], [ 120.925229, 24.854811 ], [ 120.939256, 24.86718 ], [ 120.969673, 24.928465 ], [ 120.982033, 24.939974 ], [ 121.038664, 24.945996 ], [ 121.055448, 24.93624 ], [ 121.06142, 24.903807 ], [ 121.113496, 24.882558 ], [ 121.15567, 24.880709 ], [ 121.161384, 24.859469 ], [ 121.152836, 24.846164 ], [ 121.221572, 24.799415 ], [ 121.238244, 24.804653 ], [ 121.277423, 24.770924 ], [ 121.307716, 24.754982 ], [ 121.29812, 24.733232 ], [ 121.307617, 24.719904 ], [ 121.299486, 24.695566 ], [ 121.3294, 24.691325 ], [ 121.35323, 24.666322 ], [ 121.358857, 24.617374 ], [ 121.372783, 24.593747 ], [ 121.403046, 24.591707 ] ] ] } },
{ "type": "Feature", "properties": { "COUNTYID": "Z", "COUNTYCODE": "09007", "COUNTYNAME": "連江縣", "COUNTYENG": "Lienchiang County", "layout": "inset", "is_inset": true, "inset_scale": 1.2223028921708308, "inset_label": "馬祖（連江縣）", "include_waisanding": null }, "geometry": { "type": "MultiPolygon", "coordinates": [ [ [ [ 118.726577565687279, 25.010280734484564 ], [ 118.726664349192617, 25.009830927020243 ], [ 118.727270611427144, 25.009915265919801 ], [ 118.727703306650966, 25.010456746101035 ], [ 118.728422020751566, 25.010407853985349 ], [ 118.727805980093905, 25.009817481688433 ], [ 118.727968546378577, 25.009024207111409 ], [ 118.72782920384887, 25.008534063651648 ], [ 118.728489247410636, 25.008592734190472 ], [ 118.729304523439708, 25.008499839170668 ], [ 118.729173737030237, 25.007753012103553 ], [ 118.728692149690715, 25.006985405887271 ], [ 118.728106666605385, 25.006590602053098 ], [ 118.726972369521434, 25.006497707033294 ], [ 118.727460068375422, 25.006058900295002 ], [ 118.726929588920228, 25.005634761191423 ], [ 118.727001704790865, 25.005222845116759 ], [ 118.725734176691702, 25.004351343154646 ], [ 118.724227077225635, 25.00292980489105 ], [ 118.723860386357984, 25.003285495032671 ], [ 118.723193008978853, 25.003011699184825 ], [ 118.723134338440047, 25.002703678855998 ], [ 118.724198964259102, 25.002531334148198 ], [ 118.72433708448591, 25.002369990166436 ], [ 118.724698886142022, 25.000878780637986 ], [ 118.723822494968346, 25.000424083962098 ], [ 118.72334701914329, 24.99983860087675 ], [ 118.722949770703309, 24.999721259799102 ], [ 118.721734801628486, 24.999086884598064 ], [ 118.720501498010293, 24.998700636884138 ], [ 118.719634885259751, 24.998072373197562 ], [ 118.719188744704098, 24.997541893742358 ], [ 118.718803719293078, 24.997462444054367 ], [ 118.717827099282232, 24.997523559198978 ], [ 118.716921372839124, 24.997404995818435 ], [ 118.716639020871042, 24.996562829125729 ], [ 118.716987377195295, 24.995543428513663 ], [ 118.717169500326236, 24.994539917839187 ], [ 118.717734204262428, 24.993755199382413 ], [ 118.717387070241045, 24.993168493994173 ], [ 118.716904260598625, 24.992862918271129 ], [ 118.716038870150982, 24.992811581549656 ], [ 118.714999912692633, 24.993335949490397 ], [ 118.714022070378888, 24.99186185220244 ], [ 118.712858438025563, 24.992018306972639 ], [ 118.712363405354239, 24.99187285292847 ], [ 118.712667758774359, 24.991171251068366 ], [ 118.712535750062017, 24.990396311034729 ], [ 118.711942933159321, 24.989752157410553 ], [ 118.711137435553383, 24.98968004153992 ], [ 118.710081365854535, 24.990137182821588 ], [ 118.709646226024915, 24.991005017875029 ], [ 118.709081522088752, 24.991463381459592 ], [ 118.709112079661054, 24.992432667653084 ], [ 118.708119569712608, 24.993628079881628 ], [ 118.708041342327505, 24.992696685077792 ], [ 118.707373964948374, 24.991589278657489 ], [ 118.706910712152251, 24.991053909990715 ], [ 118.706114992969447, 24.990615103252427 ], [ 118.704988029702861, 24.989187453474372 ], [ 118.704182532096922, 24.988317173815144 ], [ 118.703295140197213, 24.987140096129988 ], [ 118.702748770804419, 24.987230546544005 ], [ 118.702148620084358, 24.987556901416216 ], [ 118.701520356397765, 24.987340553804302 ], [ 118.701528912518029, 24.986906636277581 ], [ 118.70099354385124, 24.986937193849887 ], [ 118.700772307027762, 24.986406714394683 ], [ 118.700783307753795, 24.985427649778053 ], [ 118.700623186074921, 24.984925283289371 ], [ 118.700258939813068, 24.98462581908079 ], [ 118.699031747709313, 24.984127119500783 ], [ 118.697906006745626, 24.984 ], [ 118.697634655503578, 24.984383803108138 ], [ 118.697206849491295, 24.984268906636274 ], [ 118.696689815367932, 24.984904504140204 ], [ 118.696807156445573, 24.985543768552812 ], [ 118.695775532804589, 24.985772339193648 ], [ 118.694966368289954, 24.985606106000311 ], [ 118.69473901995201, 24.985876234939482 ], [ 118.695135046089092, 24.986262482653409 ], [ 118.696268120870116, 24.986249037321596 ], [ 118.696385461947784, 24.985843232761393 ], [ 118.69686216007571, 24.985749115438693 ], [ 118.696979501153351, 24.986726957752435 ], [ 118.697788665667986, 24.987420003492289 ], [ 118.697820445543186, 24.987715800792195 ], [ 118.697553983512677, 24.988513964580786 ], [ 118.69786567075019, 24.989064000882262 ], [ 118.698559938792954, 24.989728933655602 ], [ 118.698949853415542, 24.990517319021052 ], [ 118.699208981628686, 24.991773846394207 ], [ 118.699572005587669, 24.992418000018379 ], [ 118.700208825394469, 24.992816470761227 ], [ 118.700694079642659, 24.992875141300051 ], [ 118.70105832590454, 24.993251610590839 ], [ 118.701020434514874, 24.994412798338402 ], [ 118.700399504645645, 24.995592320629346 ], [ 118.700067038258993, 24.995624100504543 ], [ 118.699612341583105, 24.995220740550128 ], [ 118.698442597715285, 24.995290411814977 ], [ 118.698442597715285, 24.995140068559245 ], [ 118.696889050739344, 24.99521096212699 ], [ 118.696900051465377, 24.995506759426895 ], [ 118.698801954765599, 24.995421198224442 ], [ 118.698844735366805, 24.996021348944495 ], [ 118.699551226438501, 24.99601768203582 ], [ 118.699986366268092, 24.996308590124158 ], [ 118.700477732030748, 24.995844115025132 ], [ 118.701207446857381, 24.995710884009888 ], [ 118.701854045087345, 24.995867338780087 ], [ 118.703587270588429, 24.996661835659996 ], [ 118.704230201909724, 24.996895295512402 ], [ 118.704261981784896, 24.997358548308533 ], [ 118.705168930530903, 24.997852358676969 ], [ 118.70594142595877, 24.998430507944967 ], [ 118.706228667138419, 24.999201781069928 ], [ 118.705951204381904, 24.9995806949665 ], [ 118.706976716508422, 25.0005487588571 ], [ 118.707285959140137, 25.001300475135785 ], [ 118.707924001249864, 25.002011855419028 ], [ 118.708357918776585, 25.003285495032671 ], [ 118.70804989844774, 25.004401457573223 ], [ 118.708189240977447, 25.00479870601318 ], [ 118.708023007784135, 25.00516784148661 ], [ 118.708441035373255, 25.005809550505003 ], [ 118.708335917324519, 25.006461037946529 ], [ 118.709324760364296, 25.006479372489913 ], [ 118.710362495519746, 25.006879065535653 ], [ 118.71094064478774, 25.007625892602768 ], [ 118.711364783891327, 25.007942469051837 ], [ 118.71204560660226, 25.008146593634834 ], [ 118.713819168098809, 25.007944913657624 ], [ 118.714554994439908, 25.007674784718457 ], [ 118.714979133543466, 25.007801904219242 ], [ 118.715469277003223, 25.008190596538952 ], [ 118.716637798568144, 25.008216264899687 ], [ 118.717115718998997, 25.008031697162966 ], [ 118.716730693587948, 25.00704774333477 ], [ 118.716841923151151, 25.006608936596482 ], [ 118.717266062254737, 25.006373032138292 ], [ 118.717647420757089, 25.006512374668002 ], [ 118.718086227495377, 25.005992895938828 ], [ 118.718681489003842, 25.005659207249266 ], [ 118.719993020007166, 25.005643317311669 ], [ 118.72104053358575, 25.005777770629805 ], [ 118.72122510132246, 25.006069901021036 ], [ 118.721958483057762, 25.006179908281332 ], [ 118.72237895525268, 25.006637049563 ], [ 118.72227872641551, 25.007217643436782 ], [ 118.721096759518787, 25.008842083980475 ], [ 118.723283459392889, 25.00959746716784 ], [ 118.723641594140275, 25.01038585253329 ], [ 118.723652594866309, 25.010957890286829 ], [ 118.724159850566565, 25.011185238624773 ], [ 118.724373753572706, 25.010856439146778 ], [ 118.72483700636883, 25.010717096617071 ], [ 118.72523914402035, 25.011080120576043 ], [ 118.726213319425398, 25.01080876933398 ], [ 118.726577565687279, 25.010280734484564 ] ] ], [ [ [ 118.67552686309287, 25.023199253751919 ], [ 118.675975448254292, 25.023097802611868 ], [ 118.676249244102138, 25.0234987179605 ], [ 118.676801725009398, 25.023325150949809 ], [ 118.677015628015539, 25.023579389951383 ], [ 118.678405386403938, 25.02417465145987 ], [ 118.679451677679623, 25.024487561000267 ], [ 118.679551906516792, 25.02431643859536 ], [ 118.678995758700864, 25.02381529440957 ], [ 118.680123944270321, 25.023625837461285 ], [ 118.67962280008453, 25.022973127716863 ], [ 118.679477346040358, 25.022564878550881 ], [ 118.679867260662974, 25.022089402725829 ], [ 118.679399118655283, 25.021082225142678 ], [ 118.679445566165157, 25.020617750043652 ], [ 118.679205994798309, 25.020020043929378 ], [ 118.678479946880344, 25.019811030134822 ], [ 118.677701339938039, 25.01995159496742 ], [ 118.677494770749263, 25.019738914264181 ], [ 118.677472769297225, 25.018908970600396 ], [ 118.677774678111575, 25.018523945189365 ], [ 118.677470324691427, 25.018286818428283 ], [ 118.676763833619759, 25.018228147889459 ], [ 118.676262689433969, 25.017849233992884 ], [ 118.675711430829608, 25.01723319333523 ], [ 118.675749322219247, 25.016939840641111 ], [ 118.676204018895135, 25.016798053505617 ], [ 118.675553753756503, 25.016333578406591 ], [ 118.674817927415432, 25.016387359733848 ], [ 118.673778969957084, 25.015574528310555 ], [ 118.673307161040697, 25.014633355083586 ], [ 118.672821906792507, 25.013987979156518 ], [ 118.672125194143945, 25.013609065259946 ], [ 118.671347809504539, 25.013716627914459 ], [ 118.6712451360616, 25.013915863285877 ], [ 118.670116950492115, 25.01438278299069 ], [ 118.669387235665482, 25.014918151657458 ], [ 118.667925361406475, 25.014178658407694 ], [ 118.667059970958803, 25.013054139746899 ], [ 118.666484266296578, 25.012686226576353 ], [ 118.666375481339202, 25.012126411851742 ], [ 118.666660277913053, 25.011617933848598 ], [ 118.667273873964945, 25.011534817251931 ], [ 118.667757905910236, 25.011192572442123 ], [ 118.667713903006103, 25.010867439872804 ], [ 118.667250650209979, 25.010575309481577 ], [ 118.666324144617704, 25.010350405749417 ], [ 118.665032170460677, 25.009239332420432 ], [ 118.664751040795494, 25.00867462848425 ], [ 118.664260897335737, 25.008362941246748 ], [ 118.66397365615606, 25.007588001213112 ], [ 118.663696193399545, 25.007284870095852 ], [ 118.662358994035515, 25.006964626738103 ], [ 118.661273589067264, 25.006926735348447 ], [ 118.661068242181386, 25.007056299455016 ], [ 118.659451135455043, 25.006952403709182 ], [ 118.659442579334808, 25.007231088768599 ], [ 118.660597655567898, 25.009014428688275 ], [ 118.660897119776479, 25.008637959397486 ], [ 118.661574275578744, 25.008336050583118 ], [ 118.661989858562066, 25.009324893622885 ], [ 118.661470379832906, 25.010211063219707 ], [ 118.660935011166146, 25.010367517989906 ], [ 118.659618590951254, 25.011152236446684 ], [ 118.659800714082195, 25.01195162253816 ], [ 118.658197052687683, 25.012332981040519 ], [ 118.65653105384564, 25.011030006157466 ], [ 118.655983462149948, 25.011373473270162 ], [ 118.655893011735941, 25.0120078484712 ], [ 118.656246257271761, 25.012523660291698 ], [ 118.656153362251956, 25.013145812463815 ], [ 118.655714555513669, 25.013572396173181 ], [ 118.655465205723686, 25.014075984964752 ], [ 118.654442138202938, 25.015036715038001 ], [ 118.653568191635031, 25.016133120732281 ], [ 118.653461851283424, 25.016628153403605 ], [ 118.652218769242069, 25.018212257951859 ], [ 118.652260327540404, 25.019224324746578 ], [ 118.651606395493104, 25.019776805653837 ], [ 118.65050998979882, 25.021406135409102 ], [ 118.651155365725884, 25.022835007490048 ], [ 118.651745738022782, 25.0234046006378 ], [ 118.652391113949875, 25.023760290779425 ], [ 118.653764982400673, 25.024278547205704 ], [ 118.653986219224151, 25.023771291505451 ], [ 118.654735490897053, 25.02386051961658 ], [ 118.655747557691768, 25.023672284971187 ], [ 118.656177808309792, 25.024180762974328 ], [ 118.656694842433211, 25.024042642747514 ], [ 118.65805404324928, 25.024047531959084 ], [ 118.659026996351457, 25.024318883201147 ], [ 118.659575810350049, 25.024238211210264 ], [ 118.660448534615057, 25.023238367444467 ], [ 118.660663659924069, 25.022536765584363 ], [ 118.661709951199754, 25.022228745255536 ], [ 118.662500781170991, 25.022766558528087 ], [ 118.665420862780394, 25.023770069202563 ], [ 118.66641337272884, 25.024392221374676 ], [ 118.667223759546346, 25.024186874488791 ], [ 118.667888692319707, 25.023338596281626 ], [ 118.668382502688132, 25.023100247217648 ], [ 118.668546291275675, 25.023638060490207 ], [ 118.669592582551388, 25.024018196689671 ], [ 118.66978937331703, 25.02470513091507 ], [ 118.670581425591138, 25.024722243155562 ], [ 118.671710833463521, 25.024515673966786 ], [ 118.672020076095237, 25.024104980195013 ], [ 118.673109147972156, 25.024357996893698 ], [ 118.673111592577953, 25.025197718980618 ], [ 118.673777747654185, 25.025192829769047 ], [ 118.674627248164228, 25.024805359752232 ], [ 118.674533130841525, 25.025429956530129 ], [ 118.675196841311987, 25.025504517006549 ], [ 118.675416855832594, 25.025203830495077 ], [ 118.675303181663594, 25.024778469088602 ], [ 118.674569799928321, 25.024521785481248 ], [ 118.674869264136873, 25.02379084835173 ], [ 118.67552686309287, 25.023199253751919 ] ] ], [ [ [ 118.643320404187079, 25.259845649796436 ], [ 118.643918110301342, 25.260293012654969 ], [ 118.644650269733745, 25.26060347758958 ], [ 118.645269977300075, 25.260673148854433 ], [ 118.645024294418761, 25.260077887345947 ], [ 118.64541054213268, 25.260057108196783 ], [ 118.645903130198235, 25.259760088593982 ], [ 118.646035138910577, 25.259001038497946 ], [ 118.645732007793328, 25.25795719182803 ], [ 118.646769742948777, 25.257731065792978 ], [ 118.647347892216771, 25.257722509672732 ], [ 118.64750312468405, 25.256879120677137 ], [ 118.648507857661457, 25.256553988107818 ], [ 118.649530925182177, 25.256485539145856 ], [ 118.65019341334974, 25.256803337897821 ], [ 118.650765451103268, 25.2567911148689 ], [ 118.651509833564603, 25.256366975765317 ], [ 118.652329998805243, 25.256815560926743 ], [ 118.652858033654667, 25.256848563104832 ], [ 118.653111050353345, 25.257134581981603 ], [ 118.654564368492146, 25.256907233643656 ], [ 118.655438315060053, 25.256946347336207 ], [ 118.655098514856007, 25.256509985203699 ], [ 118.654790494527191, 25.255689819963056 ], [ 118.654911502513528, 25.255390355754471 ], [ 118.655549544623227, 25.25534024133589 ], [ 118.655725556239702, 25.254837874847212 ], [ 118.655595992133129, 25.254247502550292 ], [ 118.655053289649004, 25.25433550835853 ], [ 118.654756270046221, 25.254064157116467 ], [ 118.653973996195219, 25.254359954416369 ], [ 118.65363786289987, 25.254829318726966 ], [ 118.652899591953002, 25.254933214472803 ], [ 118.652444895277114, 25.254608081903484 ], [ 118.652479119758112, 25.253597237411658 ], [ 118.652928927222405, 25.25195446232458 ], [ 118.65203053459669, 25.251100072602952 ], [ 118.651909526610353, 25.250836055178247 ], [ 118.6521992123958, 25.250416805286232 ], [ 118.651207924750253, 25.249421850732002 ], [ 118.650914572056109, 25.248385337879444 ], [ 118.650069960757634, 25.247923307386202 ], [ 118.649770496549053, 25.24689779525967 ], [ 118.650225193224941, 25.246712005220061 ], [ 118.650392648721152, 25.246375871924712 ], [ 118.6500271801564, 25.245939509792208 ], [ 118.649981954949396, 25.245521482203088 ], [ 118.650155521960073, 25.244733096837635 ], [ 118.650947574234209, 25.243780922884635 ], [ 118.653201500767381, 25.24392148771723 ], [ 118.653729535616776, 25.243358006083945 ], [ 118.654867499609395, 25.243175882953011 ], [ 118.654693932598718, 25.242669849555654 ], [ 118.655135183942804, 25.242507283270992 ], [ 118.655422425122453, 25.242757855363887 ], [ 118.656361153743632, 25.24287641874443 ], [ 118.657063977906631, 25.24346923564713 ], [ 118.656974749795495, 25.244035161886202 ], [ 118.657369553629678, 25.24420628429111 ], [ 118.657958703623706, 25.244797878890921 ], [ 118.658183607355852, 25.244218507320031 ], [ 118.658573521978468, 25.244126834603119 ], [ 118.658718976022641, 25.243582909816105 ], [ 118.658377953515725, 25.243387341353355 ], [ 118.659209119482398, 25.242552508477999 ], [ 118.65898910496179, 25.242290935659074 ], [ 118.658503850713601, 25.242784746027514 ], [ 118.657886587753069, 25.243018205879917 ], [ 118.657528453005654, 25.242576954535846 ], [ 118.657393999687514, 25.241553887015101 ], [ 118.657710576136594, 25.240651827480676 ], [ 118.657991705801777, 25.240406144599351 ], [ 118.658366952789692, 25.240557710157979 ], [ 118.65895488048082, 25.240012563068074 ], [ 118.659430356305876, 25.240246022920473 ], [ 118.659918055159864, 25.240182463170083 ], [ 118.660329971234518, 25.24060293536499 ], [ 118.661465490621339, 25.240912177996709 ], [ 118.662844248283704, 25.240816838371117 ], [ 118.663240274420787, 25.241568554649803 ], [ 118.663514070268633, 25.241711564088192 ], [ 118.664007880637058, 25.240947624780581 ], [ 118.664587252207951, 25.240455036715037 ], [ 118.664700926376923, 25.239609203113655 ], [ 118.66452369245755, 25.235527933756696 ], [ 118.664676480319088, 25.235223580336545 ], [ 118.666472043267675, 25.235312808447674 ], [ 118.6663119215888, 25.236097526904445 ], [ 118.666597940465579, 25.236458106257636 ], [ 118.667243316392643, 25.236786905735631 ], [ 118.667663788587532, 25.237289272224313 ], [ 118.668542624367007, 25.237604626370494 ], [ 118.66863674168971, 25.238463905303689 ], [ 118.669159887327538, 25.239033498451441 ], [ 118.670310074349089, 25.239358631020757 ], [ 118.672053078273336, 25.240939068660335 ], [ 118.669912825909137, 25.244894440819401 ], [ 118.669987386385571, 25.245278243927544 ], [ 118.669212446351906, 25.249073494407735 ], [ 118.669317564400643, 25.249416961520431 ], [ 118.673712965600885, 25.24865424451572 ], [ 118.675066054902516, 25.248353558004244 ], [ 118.676646492542119, 25.249253172932882 ], [ 118.677385985791858, 25.249185946273812 ], [ 118.67791768754995, 25.249590528531119 ], [ 118.679285444486283, 25.250433917526721 ], [ 118.679713250498565, 25.250471808916377 ], [ 118.680803544678383, 25.251409315234671 ], [ 118.6817972769297, 25.25105362509305 ], [ 118.682705447978577, 25.251035290549666 ], [ 118.683036692062359, 25.251274861916535 ], [ 118.683427828987874, 25.252316263980664 ], [ 118.684347000762784, 25.25225759344184 ], [ 118.684772362169269, 25.251598772182959 ], [ 118.685612084256178, 25.251542546249919 ], [ 118.685918882282095, 25.251062181213296 ], [ 118.685770983632153, 25.250708935677459 ], [ 118.685319953864933, 25.250342244809804 ], [ 118.685988553546963, 25.25004033599544 ], [ 118.685898103132928, 25.249429184549356 ], [ 118.685487409361173, 25.249572193987742 ], [ 118.685257616417431, 25.249105274282929 ], [ 118.685605972741712, 25.248524680409151 ], [ 118.685565636746276, 25.24761895396605 ], [ 118.686509254579022, 25.24742094089752 ], [ 118.687183965775517, 25.248149433421254 ], [ 118.687461428532032, 25.248877925944985 ], [ 118.68811536057936, 25.249346067952686 ], [ 118.688155696574768, 25.249833766806663 ], [ 118.688450271571782, 25.250433917526721 ], [ 118.689095647498874, 25.250859278933195 ], [ 118.68901864241667, 25.251635441269723 ], [ 118.690100380476224, 25.252011910560512 ], [ 118.691767601621137, 25.252191589085662 ], [ 118.69339937598221, 25.252198922903016 ], [ 118.693753843820929, 25.252030245103896 ], [ 118.694341771512057, 25.252527722381007 ], [ 118.695036039554793, 25.252426271240957 ], [ 118.694742686860707, 25.251755226953158 ], [ 118.695014038102755, 25.251661109630458 ], [ 118.69606032937844, 25.25173444780399 ], [ 118.696362238192819, 25.251500987951584 ], [ 118.6973474143239, 25.251225969800846 ], [ 118.697951231952629, 25.251216191377711 ], [ 118.698552604975589, 25.250771273124958 ], [ 118.699326322706327, 25.250817720634863 ], [ 118.700513178814646, 25.250328799477995 ], [ 118.70044106294398, 25.249718870334799 ], [ 118.700073149773459, 25.248626131549202 ], [ 118.698564828004493, 25.248296109768315 ], [ 118.698328923546313, 25.24749061216237 ], [ 118.698506157465687, 25.24707258457325 ], [ 118.697862003841493, 25.247010247125747 ], [ 118.697668879984548, 25.246254863938386 ], [ 118.697958565769994, 25.246109409894217 ], [ 118.698721282774699, 25.244867550155771 ], [ 118.698603941697058, 25.244579086673223 ], [ 118.698110131328605, 25.244308957734052 ], [ 118.697278965361932, 25.244073053275862 ], [ 118.697668879984548, 25.243447234195074 ], [ 118.697123732894653, 25.242925310860112 ], [ 118.697585763387877, 25.242679627978788 ], [ 118.6972985222082, 25.242185817610348 ], [ 118.697453754675536, 25.241707897179509 ], [ 118.697105398351255, 25.24147443732711 ], [ 118.697178736524791, 25.241029519074356 ], [ 118.696606698771262, 25.240111569602337 ], [ 118.6960077703541, 25.240279025098566 ], [ 118.695197383536566, 25.240008896159395 ], [ 118.695295167767938, 25.239573756329783 ], [ 118.694241542674888, 25.239689875104538 ], [ 118.69351671705985, 25.239291404361687 ], [ 118.69370128479656, 25.239112948139436 ], [ 118.693191584490506, 25.238604470136291 ], [ 118.693220919759938, 25.238269559143834 ], [ 118.692934900883159, 25.237671853029564 ], [ 118.69236408543253, 25.237061923886369 ], [ 118.692967903061259, 25.236907913721957 ], [ 118.692919010945587, 25.236527777522493 ], [ 118.692113513339649, 25.236547334368765 ], [ 118.69209762340202, 25.235900736138809 ], [ 118.691707708779433, 25.235824953359494 ], [ 118.691707708779433, 25.235337254505517 ], [ 118.691361797060949, 25.235069570172133 ], [ 118.691289681190312, 25.234410748913252 ], [ 118.691554920917895, 25.2341846228782 ], [ 118.690732311071486, 25.233685923298193 ], [ 118.690921768019763, 25.232808309821618 ], [ 118.690047821451856, 25.232408616775878 ], [ 118.689242323845917, 25.232386615323819 ], [ 118.688978306421205, 25.231325656413414 ], [ 118.688099470641731, 25.230813511501591 ], [ 118.687372200420896, 25.230859959011493 ], [ 118.687064180092079, 25.231225427576256 ], [ 118.68711429451065, 25.231949030888419 ], [ 118.686910169927643, 25.232640854325389 ], [ 118.686427360285251, 25.232587072998133 ], [ 118.685873657075092, 25.232283941880873 ], [ 118.684016978981902, 25.231845135142585 ], [ 118.683910638630266, 25.232030925182194 ], [ 118.685638974919812, 25.232433062833721 ], [ 118.685998331970097, 25.232909760961665 ], [ 118.685328509985169, 25.233495244047013 ], [ 118.684871368703512, 25.234187067483987 ], [ 118.684320110099151, 25.234283629412467 ], [ 118.682938907830987, 25.234311742378985 ], [ 118.682645555136872, 25.234196845907121 ], [ 118.681956176305675, 25.234386302855413 ], [ 118.681298577349708, 25.233690812509764 ], [ 118.680737540322184, 25.233409682844567 ], [ 118.680090942092249, 25.232583406089457 ], [ 118.680153279539724, 25.232083484206559 ], [ 118.680935553390725, 25.231777908483515 ], [ 118.680097053606687, 25.231231539090714 ], [ 118.68005793991415, 25.230994412329633 ], [ 118.680603087004073, 25.230639944490903 ], [ 118.680856103702723, 25.230190137026586 ], [ 118.680507747378471, 25.229402973964028 ], [ 118.680139834207921, 25.229206183198389 ], [ 118.680430742296267, 25.228854159965444 ], [ 118.680486968229303, 25.228288233726367 ], [ 118.679663136079967, 25.228054773873961 ], [ 118.678527616693145, 25.228318791298673 ], [ 118.678241597816367, 25.228574252603135 ], [ 118.677335871373288, 25.227938655099209 ], [ 118.677409209546823, 25.227314058321308 ], [ 118.677216085689849, 25.226508560715367 ], [ 118.677619445644268, 25.226387552729044 ], [ 118.677736786721908, 25.226059975553945 ], [ 118.677090188491945, 25.226037974101882 ], [ 118.676633047210288, 25.225522162281386 ], [ 118.675287291726022, 25.225140803779027 ], [ 118.67460524671219, 25.224761889882455 ], [ 118.67392075709256, 25.223659372673719 ], [ 118.674041765078897, 25.223421023609742 ], [ 118.673391499940237, 25.222784203802924 ], [ 118.672208310740615, 25.221810028397865 ], [ 118.670633984615534, 25.221649906718991 ], [ 118.669755148836032, 25.221849142090409 ], [ 118.669059658490397, 25.222132716361397 ], [ 118.668560958910376, 25.221942037110217 ], [ 118.668472953102139, 25.221657240536342 ], [ 118.66736554668185, 25.221363887842219 ], [ 118.667212758820313, 25.221840585970167 ], [ 118.66683017801509, 25.222240279015907 ], [ 118.66637914824787, 25.223363575373813 ], [ 118.666332700737968, 25.223743711573277 ], [ 118.66679962044276, 25.224193519037595 ], [ 118.666623608826313, 25.224726443098582 ], [ 118.666044237255392, 25.225159138322411 ], [ 118.665041948883839, 25.225247144130648 ], [ 118.664630032809185, 25.225076021725741 ], [ 118.66447480034185, 25.224655549530837 ], [ 118.663778087693316, 25.224502761669314 ], [ 118.663525070994638, 25.224728887704369 ], [ 118.662976256996075, 25.224786335940298 ], [ 118.662385884699148, 25.223247456599054 ], [ 118.661966634807129, 25.22268030805709 ], [ 118.660983903281817, 25.222690086480224 ], [ 118.660592766356331, 25.222883210337191 ], [ 118.660127068954409, 25.223414912095286 ], [ 118.659877719164399, 25.223269458051114 ], [ 118.659533029748815, 25.222263502770858 ], [ 118.658948768966354, 25.22207160121679 ], [ 118.658178718144285, 25.221163430167906 ], [ 118.657313327696642, 25.220681842828391 ], [ 118.657291326244575, 25.220332264201225 ], [ 118.656804849693515, 25.220274815965297 ], [ 118.656224255819723, 25.219908125097646 ], [ 118.656053133414815, 25.219591548648573 ], [ 118.656163140675091, 25.218938838904151 ], [ 118.656944192223193, 25.218503699074539 ], [ 118.658441513266098, 25.218260460798998 ], [ 118.657980705075744, 25.217520967549238 ], [ 118.657144649897532, 25.217332732903838 ], [ 118.656633727288607, 25.217426850226538 ], [ 118.655819673562405, 25.217171388922075 ], [ 118.655245191203079, 25.21756985966492 ], [ 118.654752603137524, 25.217677422319433 ], [ 118.653966662377883, 25.217259394730313 ], [ 118.653779650035375, 25.216758250544519 ], [ 118.652817697659231, 25.216771695876332 ], [ 118.652871478986498, 25.216208214243046 ], [ 118.65243267224821, 25.215889193188186 ], [ 118.651100362095718, 25.215832967255146 ], [ 118.650902349027206, 25.215166812178914 ], [ 118.650336422788115, 25.215286597862349 ], [ 118.650162855777438, 25.215566505224658 ], [ 118.649394027258268, 25.215645954912645 ], [ 118.649368358897533, 25.216070094016228 ], [ 118.649607930264381, 25.216711803034617 ], [ 118.649574928086309, 25.217160388196046 ], [ 118.649242461699629, 25.217340066721196 ], [ 118.650484321438086, 25.218539145858415 ], [ 118.650659110751661, 25.218995064837195 ], [ 118.650263084614608, 25.219683221365486 ], [ 118.649801054121355, 25.220163586402109 ], [ 118.649117786804624, 25.220123250406669 ], [ 118.648383182766423, 25.220302928931815 ], [ 118.648159501337176, 25.22049727509167 ], [ 118.647389450515107, 25.220125695012449 ], [ 118.646874860997485, 25.220436159947063 ], [ 118.646283266397688, 25.219514543566365 ], [ 118.646018026670077, 25.219662442216318 ], [ 118.646349270753859, 25.220280927479759 ], [ 118.645675781860291, 25.220100026651714 ], [ 118.644971735394392, 25.220064579867845 ], [ 118.644057452831049, 25.21967466524524 ], [ 118.643688317357601, 25.219839676135685 ], [ 118.642973270165697, 25.219648996884505 ], [ 118.642206886252296, 25.219655108398968 ], [ 118.642073655237056, 25.219306752074697 ], [ 118.641460059185164, 25.219164964939207 ], [ 118.640396655669008, 25.219744336510097 ], [ 118.639817284098086, 25.220295595114465 ], [ 118.638958005164909, 25.220184365551273 ], [ 118.637677031733915, 25.221179320105502 ], [ 118.637079325619624, 25.220954416373342 ], [ 118.636452284235958, 25.220917747286578 ], [ 118.636343499278553, 25.221373666265357 ], [ 118.637008432051886, 25.221944481716005 ], [ 118.636994986720083, 25.222663195816601 ], [ 118.636812863589142, 25.224260745696665 ], [ 118.636235936624047, 25.224557765299462 ], [ 118.635435328229676, 25.224370752956958 ], [ 118.635176200016531, 25.223920945492644 ], [ 118.634676278133639, 25.223587256803079 ], [ 118.634165355524715, 25.223612925163817 ], [ 118.63327307441341, 25.222897877971896 ], [ 118.63295283105569, 25.223022552866897 ], [ 118.632806154708618, 25.223830495078619 ], [ 118.631763530341601, 25.224367086048282 ], [ 118.631860092270074, 25.225066243302606 ], [ 118.632181557930693, 25.22574462140776 ], [ 118.632576361764876, 25.226182205843159 ], [ 118.633232738417973, 25.226602678038066 ], [ 118.633669100550492, 25.227207717969691 ], [ 118.633781552416565, 25.229296633612407 ], [ 118.634015012268975, 25.229732995744914 ], [ 118.635030745972358, 25.230341702585214 ], [ 118.635953584655965, 25.23107141741184 ], [ 118.636991319811415, 25.232116486384648 ], [ 118.637615916589283, 25.232467287314702 ], [ 118.638744102158768, 25.233392570604074 ], [ 118.638921336078141, 25.233930383876626 ], [ 118.639314917609425, 25.233960941448931 ], [ 118.63929169385446, 25.234507310841735 ], [ 118.638810106514967, 25.234592872044189 ], [ 118.638549755998923, 25.235211357307623 ], [ 118.638612093446426, 25.235488820064148 ], [ 118.637998497394562, 25.235679499315324 ], [ 118.63823684645854, 25.236022966428024 ], [ 118.639306361489162, 25.236425104079551 ], [ 118.640210865629399, 25.236896912995928 ], [ 118.640822017075465, 25.237605848673386 ], [ 118.641284047568718, 25.23784419773736 ], [ 118.641090923711744, 25.238323340471094 ], [ 118.64183163926441, 25.238869709863891 ], [ 118.642477015191474, 25.239705765042135 ], [ 118.641989316337487, 25.241267868138333 ], [ 118.641403833252127, 25.241525774048576 ], [ 118.640587334920156, 25.241475659629998 ], [ 118.64037587651984, 25.242106367922361 ], [ 118.639530042918437, 25.242408276736729 ], [ 118.638058390236267, 25.241886353401767 ], [ 118.63619804523438, 25.241738454751815 ], [ 118.636475507990923, 25.242532951631727 ], [ 118.63693509387835, 25.242733409306044 ], [ 118.637490019391407, 25.243477791767372 ], [ 118.638374966685348, 25.243875040207328 ], [ 118.638927447592607, 25.244597421216604 ], [ 118.639082680059914, 25.245508036871271 ], [ 118.64039421106321, 25.245136456792054 ], [ 118.642095656689094, 25.245302689985383 ], [ 118.642450124527841, 25.245742719026566 ], [ 118.642072432934157, 25.246084963836374 ], [ 118.642298558969202, 25.246377094227604 ], [ 118.642065099116792, 25.247020025548888 ], [ 118.642203219343628, 25.247424607806195 ], [ 118.642627358447214, 25.24793308580934 ], [ 118.642387787080338, 25.248451342235619 ], [ 118.642547908759212, 25.248936596483809 ], [ 118.643366851696953, 25.248934151878029 ], [ 118.643746987896435, 25.249794653114115 ], [ 118.643976780840148, 25.250864168144766 ], [ 118.644304358015262, 25.251073181939322 ], [ 118.644198017663655, 25.251449651230111 ], [ 118.643761655531137, 25.25194346159855 ], [ 118.643192062383378, 25.25207791491669 ], [ 118.642530796518713, 25.2518579003961 ], [ 118.641698408249169, 25.251823675915119 ], [ 118.641073811471244, 25.252905413974691 ], [ 118.639536154432903, 25.253635128801314 ], [ 118.639470150076733, 25.254165608256514 ], [ 118.640496884506149, 25.254540855244414 ], [ 118.640444325481781, 25.255067667790939 ], [ 118.64111292516381, 25.25593550284438 ], [ 118.641540731176065, 25.256261857716588 ], [ 118.641467393002529, 25.256650550036301 ], [ 118.640712009815161, 25.256745889661893 ], [ 118.640004296440623, 25.257405933223662 ], [ 118.640082523825697, 25.257992638611903 ], [ 118.640584890314386, 25.259125713392944 ], [ 118.641001695600607, 25.259834649070402 ], [ 118.640901466763466, 25.260849160470908 ], [ 118.641403833252127, 25.261022727481595 ], [ 118.641788858663176, 25.260829603624632 ], [ 118.642257000670867, 25.260717151758552 ], [ 118.642764256371123, 25.260054663590996 ], [ 118.643320404187079, 25.259845649796436 ] ] ], [ [ [ 118.742735187618905, 25.337661118820709 ], [ 118.743184995083197, 25.337602448281881 ], [ 118.743524795287215, 25.336955850051925 ], [ 118.743545574436382, 25.33645103895746 ], [ 118.743843816342093, 25.336189466138531 ], [ 118.744192172666345, 25.335242181397103 ], [ 118.744431744033221, 25.334879157438127 ], [ 118.744821658655837, 25.334741037211312 ], [ 118.744525861355925, 25.334000321658653 ], [ 118.744844882410774, 25.333684967512479 ], [ 118.744599199529461, 25.333402615544383 ], [ 118.744828992473174, 25.332605674058687 ], [ 118.745407141741168, 25.332264651551771 ], [ 118.746023182398829, 25.332380770326527 ], [ 118.746902018178304, 25.332928362022226 ], [ 118.748102319618425, 25.333336611188205 ], [ 118.748907817224364, 25.333488176746837 ], [ 118.750114230178923, 25.332995588681289 ], [ 118.750765717620453, 25.332952808080062 ], [ 118.750903837847261, 25.332694902169816 ], [ 118.750271907251999, 25.331789175726716 ], [ 118.750474809532108, 25.331574050417696 ], [ 118.749941885471117, 25.330509424598613 ], [ 118.750049448125651, 25.329086664032129 ], [ 118.749908883293017, 25.32850362555256 ], [ 118.749592306843965, 25.328301945575358 ], [ 118.749671756531967, 25.327830136658978 ], [ 118.750774273740689, 25.327333881684755 ], [ 118.751090850189769, 25.326997748389413 ], [ 118.751120185459172, 25.326260699745429 ], [ 118.751026068136497, 25.325219297681304 ], [ 118.750446696565604, 25.324770712519875 ], [ 118.749742650099705, 25.324461469888153 ], [ 118.747200260083986, 25.320360643684925 ], [ 118.747565728648738, 25.320078291716829 ], [ 118.748858925108664, 25.319635818069859 ], [ 118.749894215658315, 25.319591815165747 ], [ 118.750174123020628, 25.319725046180988 ], [ 118.7502877971896, 25.320369199805167 ], [ 118.751083516372404, 25.320891123140125 ], [ 118.750790163678289, 25.322279659225625 ], [ 118.751132408488104, 25.323566744171085 ], [ 118.751972130575012, 25.324440690738985 ], [ 118.752676177040911, 25.324305015117954 ], [ 118.753740802859994, 25.324842828390512 ], [ 118.754490074532896, 25.325408754629589 ], [ 118.756032620782804, 25.325966124748415 ], [ 118.757118025751055, 25.326006460743859 ], [ 118.75754460946041, 25.325513872678311 ], [ 118.758504117230785, 25.325334194153161 ], [ 118.759176383821483, 25.325526095707236 ], [ 118.760067442629861, 25.325968569354199 ], [ 118.760342460780606, 25.32596245783974 ], [ 118.761040395732039, 25.325406310023798 ], [ 118.761898452362345, 25.325156960233794 ], [ 118.761470646350091, 25.324400354743542 ], [ 118.761936343752012, 25.323976215639963 ], [ 118.761504870831061, 25.323555743445052 ], [ 118.761121067722911, 25.322874920734112 ], [ 118.760342460780606, 25.321950859747634 ], [ 118.759301058716488, 25.321149029050371 ], [ 118.759600522925069, 25.320292194722956 ], [ 118.759897542527852, 25.320207855823401 ], [ 118.76083749345193, 25.320688220860024 ], [ 118.761099066270873, 25.320418091920853 ], [ 118.760813047394095, 25.31987905634541 ], [ 118.759590744501935, 25.318789984468477 ], [ 118.758051865160667, 25.317676466533715 ], [ 118.757385710084435, 25.317582349211012 ], [ 118.756784337061504, 25.317097094962822 ], [ 118.755960504912167, 25.316785407725323 ], [ 118.755524142779677, 25.31557899477075 ], [ 118.755093892161625, 25.315212303903099 ], [ 118.75540557939911, 25.314113453603039 ], [ 118.755815050868023, 25.313471744584643 ], [ 118.756621770776832, 25.313591530268081 ], [ 118.757187697015922, 25.313201615645472 ], [ 118.757686396595915, 25.313460743858617 ], [ 118.757834295245857, 25.313014603302978 ], [ 118.758542008620424, 25.313130722077727 ], [ 118.758551787043587, 25.312795811085277 ], [ 118.757269591309694, 25.312316668351546 ], [ 118.75724270064606, 25.310442878017842 ], [ 118.757562944003809, 25.309559153026807 ], [ 118.757254923674992, 25.308669316521307 ], [ 118.756913901168076, 25.308628980525864 ], [ 118.755977617152666, 25.308995671393514 ], [ 118.75542024703384, 25.308921110917094 ], [ 118.754890989881545, 25.309214463611216 ], [ 118.754595192581633, 25.310572442124421 ], [ 118.754351954306088, 25.310990469713541 ], [ 118.754244391651582, 25.311615066491438 ], [ 118.754289616858586, 25.31275303048405 ], [ 118.754519409802299, 25.313191837222337 ], [ 118.754387401089957, 25.313793210245283 ], [ 118.753941260534305, 25.314111008997248 ], [ 118.75259428274714, 25.314680602145 ], [ 118.752322931505063, 25.314901838968485 ], [ 118.751743559934198, 25.31605080368713 ], [ 118.75158954976979, 25.317890369539843 ], [ 118.751738670722602, 25.318310841734753 ], [ 118.751264417200446, 25.318665309573479 ], [ 118.750067782669021, 25.318978219113877 ], [ 118.748983600003669, 25.319110227826233 ], [ 118.747200260083986, 25.319190899817112 ], [ 118.746384984054913, 25.319033222744022 ], [ 118.746377650237548, 25.318676310299505 ], [ 118.745265354605664, 25.316866079716203 ], [ 118.744182394243211, 25.314883504425101 ], [ 118.743595688854981, 25.314097563665438 ], [ 118.743206996535264, 25.31406945069892 ], [ 118.742023807335642, 25.314695269779708 ], [ 118.742006695095171, 25.315231860749375 ], [ 118.74226093409672, 25.315616886160409 ], [ 118.742683850897407, 25.315614441554619 ], [ 118.74389759766936, 25.317837810515481 ], [ 118.743717919144188, 25.318082271093918 ], [ 118.742318382332655, 25.318789984468477 ], [ 118.741092412531799, 25.318824208949462 ], [ 118.740610825192306, 25.318466074202053 ], [ 118.740300360257692, 25.31784392202994 ], [ 118.740704942515009, 25.317235215189644 ], [ 118.740621825918311, 25.316089917379674 ], [ 118.740389588368828, 25.315202525479965 ], [ 118.739650095119032, 25.313697870619695 ], [ 118.739299294188982, 25.313331179752044 ], [ 118.738650251353249, 25.313097719899641 ], [ 118.738244446793061, 25.313235840126456 ], [ 118.736873022948032, 25.313354403506995 ], [ 118.736591893282849, 25.312953488158367 ], [ 118.736099305217294, 25.313144167409543 ], [ 118.735595716425706, 25.31396433265019 ], [ 118.734632541746691, 25.313941108895239 ], [ 118.733992055031194, 25.312938820523659 ], [ 118.733670589370547, 25.312875260773271 ], [ 118.733236671843827, 25.312089320013602 ], [ 118.733080217073621, 25.311264265561388 ], [ 118.732656077970063, 25.310334093060444 ], [ 118.732389615939553, 25.310271755612941 ], [ 118.731883582542196, 25.309705829373865 ], [ 118.731666012627386, 25.309039674297633 ], [ 118.730704060251242, 25.308767100752679 ], [ 118.729844781318064, 25.309132569317445 ], [ 118.729704216485459, 25.309586043690434 ], [ 118.730251808181151, 25.310492992436426 ], [ 118.730407040648458, 25.312094209225169 ], [ 118.730110021045675, 25.312416897188701 ], [ 118.729870449678799, 25.313080607659149 ], [ 118.727929432686039, 25.313943553501023 ], [ 118.727137380411875, 25.313843324663861 ], [ 118.725981081875887, 25.313860436904353 ], [ 118.725361374309557, 25.314049893852644 ], [ 118.724262524009504, 25.313942331198131 ], [ 118.723356797566424, 25.31397288877044 ], [ 118.722903323193407, 25.313078163053365 ], [ 118.72192792548546, 25.312314223745755 ], [ 118.720978196138248, 25.311876639310366 ], [ 118.720147030171574, 25.311649290972422 ], [ 118.719281639723931, 25.311150591392416 ], [ 118.718250016082919, 25.311007581954033 ], [ 118.717883325215269, 25.310614000422749 ], [ 118.717025268584962, 25.310546773763679 ], [ 118.716013201790247, 25.309411254376858 ], [ 118.71528715387231, 25.309257244212443 ], [ 118.714693114666716, 25.309884285596123 ], [ 118.714310533861465, 25.309941733832058 ], [ 118.713591819760865, 25.309744943066416 ], [ 118.711973490731623, 25.308236621297478 ], [ 118.710720630267133, 25.306783303158685 ], [ 118.709558220216678, 25.305672229829707 ], [ 118.709742787953417, 25.304668719155227 ], [ 118.709501994283642, 25.30382777476542 ], [ 118.709443323744836, 25.303091948424335 ], [ 118.70995669095953, 25.302485686189815 ], [ 118.709426211504336, 25.301962540551965 ], [ 118.7086512714707, 25.300762239111851 ], [ 118.708244244607613, 25.300385769821066 ], [ 118.708610935475264, 25.300070415674885 ], [ 118.708855396053679, 25.299365146906101 ], [ 118.709658449053848, 25.298717326373254 ], [ 118.709726898015816, 25.297294565806762 ], [ 118.709567998639841, 25.296237273805037 ], [ 118.709796569280655, 25.293846449347949 ], [ 118.709982359320264, 25.292946834419315 ], [ 118.70972323110712, 25.292141336813376 ], [ 118.709391987023366, 25.29203866337043 ], [ 118.708247911516281, 25.290543786933309 ], [ 118.708673272922766, 25.290359219196592 ], [ 118.708861507568145, 25.289440047421675 ], [ 118.709125524992857, 25.289677174182753 ], [ 118.709664560568314, 25.289492606446043 ], [ 118.710666848939894, 25.288520875646764 ], [ 118.710796413046467, 25.287644484473073 ], [ 118.710478614294487, 25.287321796509541 ], [ 118.710754854748131, 25.286922103463805 ], [ 118.710576398525859, 25.286022488535163 ], [ 118.710784190017534, 25.28589414673149 ], [ 118.709983581623163, 25.285282995285403 ], [ 118.709979914714495, 25.284816075580597 ], [ 118.71027326740861, 25.284586282636862 ], [ 118.710743854022098, 25.284680399959566 ], [ 118.711141102462051, 25.285119206697853 ], [ 118.712518637821546, 25.285075203793735 ], [ 118.713219017378748, 25.284838077032656 ], [ 118.713693270900905, 25.283916460651955 ], [ 118.713756830651306, 25.282899504645666 ], [ 118.713319246215917, 25.282355579858649 ], [ 118.711813369052749, 25.281682090965067 ], [ 118.710769522382833, 25.281770096773304 ], [ 118.71037471854865, 25.282129453823604 ], [ 118.710185261600373, 25.282560926744541 ], [ 118.709994582349196, 25.283563215116114 ], [ 118.710336827159011, 25.284482386891032 ], [ 118.709580221668745, 25.284885746845443 ], [ 118.709052186819349, 25.284823409397948 ], [ 118.708421478526986, 25.285007977134665 ], [ 118.708002228634967, 25.285353888853148 ], [ 118.707524308204114, 25.285351444247365 ], [ 118.706541576678831, 25.284828298609515 ], [ 118.705678630836928, 25.284212257951861 ], [ 118.704288872448529, 25.284322265212158 ], [ 118.703561602227722, 25.283909126834597 ], [ 118.703358699947586, 25.283482543125235 ], [ 118.702639985847014, 25.283879791565187 ], [ 118.702102172574456, 25.28388345847387 ], [ 118.701937161684015, 25.284417604837746 ], [ 118.70218162226243, 25.285124095909421 ], [ 118.702154731598824, 25.285984597145511 ], [ 118.701814931394807, 25.286538300355662 ], [ 118.701823487515043, 25.286875655953903 ], [ 118.702168176930627, 25.287693376588766 ], [ 118.702443195081372, 25.288935236327209 ], [ 118.701723258677873, 25.2897945152604 ], [ 118.701525245609361, 25.29027488029703 ], [ 118.701439684406893, 25.29183820569612 ], [ 118.70154358015273, 25.292654704028084 ], [ 118.701744037827041, 25.292890608486271 ], [ 118.701669477350634, 25.293430866364613 ], [ 118.700998433062807, 25.2942290301532 ], [ 118.701191556919781, 25.29462627859316 ], [ 118.702368634604937, 25.295508781281303 ], [ 118.701094994991308, 25.2970549944399 ], [ 118.701234337521015, 25.297205337695633 ], [ 118.702019055977786, 25.2993345893338 ], [ 118.70224640431573, 25.299579049912229 ], [ 118.703293917894314, 25.299720837047726 ], [ 118.703807285109036, 25.300338100008272 ], [ 118.704026077326716, 25.300897914732882 ], [ 118.704013854297813, 25.30174130372848 ], [ 118.704326763838196, 25.30251135455055 ], [ 118.705364498993646, 25.303692099144389 ], [ 118.705810639549298, 25.304402257124739 ], [ 118.706882599185718, 25.305004852450583 ], [ 118.707520641295446, 25.305807905450738 ], [ 118.707740655816025, 25.306367720175349 ], [ 118.707661206128051, 25.306844418303296 ], [ 118.707061055407991, 25.307209886868055 ], [ 118.706709032175041, 25.307955491632281 ], [ 118.706007430314941, 25.308017829079777 ], [ 118.705553955941923, 25.308533640900276 ], [ 118.705329052209777, 25.309197351370724 ], [ 118.704724012278177, 25.30999429285642 ], [ 118.704589558960009, 25.311094365459372 ], [ 118.704826685721116, 25.311319269191532 ], [ 118.704941582192959, 25.312430342520518 ], [ 118.705107815386299, 25.313158835044245 ], [ 118.705320496089541, 25.313474189190433 ], [ 118.705050367150363, 25.313854325389894 ], [ 118.704391545891468, 25.314046226943962 ], [ 118.703810952017704, 25.314422696234754 ], [ 118.703257248807546, 25.314524147374801 ], [ 118.70343570502979, 25.315036292286624 ], [ 118.703419815092218, 25.315700002757072 ], [ 118.703155797667506, 25.316274485116391 ], [ 118.703333031586851, 25.317166766227682 ], [ 118.704239980332858, 25.317144764775616 ], [ 118.70468612088851, 25.316852634384393 ], [ 118.70468612088851, 25.316386936982472 ], [ 118.705283827002773, 25.316665622041885 ], [ 118.705660296293559, 25.316543391752671 ], [ 118.70627633695122, 25.317159432410325 ], [ 118.707178396485631, 25.317024979092185 ], [ 118.7079655595482, 25.316604506897281 ], [ 118.709044853001984, 25.317186323073951 ], [ 118.709785568554622, 25.318065158853425 ], [ 118.710415054544114, 25.31862130666936 ], [ 118.711491903392101, 25.318843765795737 ], [ 118.71159457683504, 25.319349799193095 ], [ 118.711977157640291, 25.319525810809569 ], [ 118.712499080975249, 25.320154074496148 ], [ 118.712887773294966, 25.320333753021291 ], [ 118.713615043515802, 25.320017176572218 ], [ 118.714253085625529, 25.320425425738204 ], [ 118.715158812068609, 25.321174697411106 ], [ 118.716114652930287, 25.322202654143421 ], [ 118.716700136015646, 25.322513119078035 ], [ 118.717009378647361, 25.322933591272939 ], [ 118.718010444716043, 25.323074156105537 ], [ 118.718373468675026, 25.323017930172501 ], [ 118.718907615038916, 25.321779737342734 ], [ 118.719667887437851, 25.321760180496458 ], [ 118.720159253200478, 25.321505941494888 ], [ 118.720824185973839, 25.321393489628807 ], [ 118.721747024657418, 25.321413046475083 ], [ 118.722639305768723, 25.321705176866306 ], [ 118.723234567277188, 25.322452003933424 ], [ 118.723988728161657, 25.32266468463666 ], [ 118.72471966529119, 25.323560632656626 ], [ 118.725256256260849, 25.324562921028207 ], [ 118.724956792052268, 25.32496750328551 ], [ 118.725932189760215, 25.325351306393653 ], [ 118.726281768387366, 25.325887897363319 ], [ 118.727012705516898, 25.326429377544546 ], [ 118.727451512255186, 25.327149313948038 ], [ 118.728318125005728, 25.327660236556969 ], [ 118.728897496576622, 25.328752975342564 ], [ 118.729899784948202, 25.329362904485759 ], [ 118.730328813263355, 25.329782154377771 ], [ 118.731151423109793, 25.329911718484343 ], [ 118.731717349348855, 25.330415307275917 ], [ 118.732736749960935, 25.330833334865044 ], [ 118.732840645706744, 25.332111863690255 ], [ 118.733281897050858, 25.332191313378242 ], [ 118.733759817481683, 25.332644787751239 ], [ 118.734858667781737, 25.332694902169816 ], [ 118.734973564253607, 25.333128819696537 ], [ 118.734499310731451, 25.333430728510901 ], [ 118.734447974009953, 25.333857312220271 ], [ 118.735264472341953, 25.33431934271351 ], [ 118.735160576596115, 25.334758149451797 ], [ 118.734616651809091, 25.335273961272296 ], [ 118.734704657617328, 25.335672432015148 ], [ 118.735697167565775, 25.336625828271035 ], [ 118.736461106873378, 25.337060968100648 ], [ 118.737029477718238, 25.337251647351831 ], [ 118.737427948461089, 25.337886022552869 ], [ 118.739161173962174, 25.337735679297129 ], [ 118.740297915651894, 25.337721011662421 ], [ 118.741012962843826, 25.337541333137278 ], [ 118.742735187618905, 25.337661118820709 ] ] ], [ [ [ 118.751023623530699, 25.353219812335151 ], [ 118.750725381625017, 25.35264166306715 ], [ 118.750890392515458, 25.352221190872246 ], [ 118.750114230178923, 25.351234792438266 ], [ 118.750072671880588, 25.350607751054579 ], [ 118.74980254294141, 25.350168944316291 ], [ 118.749270841183318, 25.348714403874606 ], [ 118.748901705709898, 25.348554282195732 ], [ 118.74846289897161, 25.348810965803093 ], [ 118.747500946595466, 25.34905420407863 ], [ 118.747229595353389, 25.348537169955247 ], [ 118.747212483112889, 25.347754896104252 ], [ 118.74734449182526, 25.347449320381212 ], [ 118.747070695977413, 25.347009291340026 ], [ 118.747133033424916, 25.346433586677815 ], [ 118.746662446811428, 25.346030226723396 ], [ 118.74603662773066, 25.34594466552095 ], [ 118.745041673176416, 25.346117010228749 ], [ 118.744916998281411, 25.346417696740215 ], [ 118.743741142899154, 25.345817546020161 ], [ 118.743385452757508, 25.345089053496427 ], [ 118.742953979836585, 25.344837259100647 ], [ 118.74177567984853, 25.343856972181126 ], [ 118.740942069276059, 25.343388830173421 ], [ 118.741044742719026, 25.342851016900863 ], [ 118.740197686814753, 25.34249165985057 ], [ 118.73846690591941, 25.342376763378699 ], [ 118.738017098455117, 25.342562553418315 ], [ 118.737469506759396, 25.343303268970967 ], [ 118.737391279374322, 25.344241997592153 ], [ 118.738155218681925, 25.345311512622803 ], [ 118.73836545477937, 25.346087674959332 ], [ 118.738457127496304, 25.347118076297431 ], [ 118.738958271682094, 25.348143588423962 ], [ 118.739877443456976, 25.349066427107548 ], [ 118.740197686814753, 25.350030824089476 ], [ 118.740893177160387, 25.351624707060868 ], [ 118.741204864397872, 25.351937616601266 ], [ 118.741816015843966, 25.351787273345526 ], [ 118.742194929740549, 25.35152081131503 ], [ 118.74269362932057, 25.351710268263322 ], [ 118.743342672156302, 25.351366801150622 ], [ 118.744149392065111, 25.350435406346779 ], [ 118.744690872246366, 25.350591861116978 ], [ 118.745242130850727, 25.351240903952725 ], [ 118.745667492257212, 25.351423027083658 ], [ 118.746398429386716, 25.352067180707831 ], [ 118.746713783532897, 25.353004687026125 ], [ 118.747119588093113, 25.353525388058191 ], [ 118.74777840935198, 25.353933637224177 ], [ 118.749045937451172, 25.353069469079411 ], [ 118.750136231630961, 25.353199033185984 ], [ 118.750670377994851, 25.353393379345835 ], [ 118.751023623530699, 25.353219812335151 ] ] ], [ [ [ 118.756981127827146, 25.357316971629704 ], [ 118.757572722426943, 25.357827894238628 ], [ 118.75831099337384, 25.357999016643536 ], [ 118.759118935585548, 25.357937901498925 ], [ 118.760003882879488, 25.358116357721183 ], [ 118.760612589719784, 25.357935456893141 ], [ 118.760979280587406, 25.357535763847405 ], [ 118.761227408074546, 25.35695516997362 ], [ 118.759860873441085, 25.356198564483368 ], [ 118.760285012544671, 25.35611911479538 ], [ 118.759794869084914, 25.355302616463408 ], [ 118.759367063072659, 25.355286726525808 ], [ 118.758818249074068, 25.355635082850075 ], [ 118.757916189539657, 25.355363731608019 ], [ 118.756835673782973, 25.355356397790661 ], [ 118.756195187067476, 25.355044710553162 ], [ 118.75578693790149, 25.355317284098117 ], [ 118.755158674214897, 25.355459071233607 ], [ 118.754570746523768, 25.35466090744502 ], [ 118.754108716030544, 25.354470228193836 ], [ 118.752357155986061, 25.354625460661143 ], [ 118.752816741873517, 25.355285504222916 ], [ 118.753710245287692, 25.355938213967338 ], [ 118.753843476302933, 25.356432024335778 ], [ 118.753585570392687, 25.357123847772744 ], [ 118.7538324755769, 25.357468537188335 ], [ 118.753941260534305, 25.358135914567459 ], [ 118.754639195485737, 25.358913299206879 ], [ 118.755525365082576, 25.35904164101056 ], [ 118.755104892887658, 25.35858572203178 ], [ 118.755911612796496, 25.358463491742565 ], [ 118.75669266434457, 25.358110246206724 ], [ 118.756647439137566, 25.357689774011821 ], [ 118.756981127827146, 25.357316971629704 ] ] ], [ [ [ 118.731321323211802, 25.390343595776162 ], [ 118.730256697392718, 25.389676218397039 ], [ 118.730134467103483, 25.389294859894679 ], [ 118.729415753002911, 25.388422135629671 ], [ 118.729328969497544, 25.387730312192698 ], [ 118.729115066491431, 25.387465072465101 ], [ 118.729410863791344, 25.386706022369058 ], [ 118.729696882668094, 25.386519010026557 ], [ 118.730766397698744, 25.387362399022155 ], [ 118.731293210245269, 25.387631305658434 ], [ 118.732312610857349, 25.387727867586914 ], [ 118.732642632638232, 25.387352620599021 ], [ 118.732014368951639, 25.387100826203234 ], [ 118.731498557131147, 25.386630239589746 ], [ 118.731624454329051, 25.386341776107198 ], [ 118.730876404959048, 25.385190366782769 ], [ 118.732049815735508, 25.385378601428169 ], [ 118.732572961373393, 25.385274705682331 ], [ 118.733250117175629, 25.384630552058159 ], [ 118.733697480034181, 25.383818942937754 ], [ 118.733607029620146, 25.382778763176514 ], [ 118.733367458253298, 25.382511078843127 ], [ 118.732348057641218, 25.38199160011396 ], [ 118.73144110889524, 25.381703136631405 ], [ 118.731404439808472, 25.381179990993555 ], [ 118.730664946558704, 25.380642177721004 ], [ 118.730139356315078, 25.380687402928015 ], [ 118.729974345424637, 25.38036960417605 ], [ 118.729247075203773, 25.380319489757465 ], [ 118.729272743564508, 25.37973400667212 ], [ 118.729872894284568, 25.379522548271776 ], [ 118.729941343246537, 25.379106965288432 ], [ 118.729348526343841, 25.378021560320189 ], [ 118.729575874681785, 25.377761209804159 ], [ 118.730618499048802, 25.377833325674796 ], [ 118.731255318855631, 25.377462967898463 ], [ 118.73132499012047, 25.376358006083944 ], [ 118.730063573535745, 25.375008583690988 ], [ 118.729691993456527, 25.374945023940594 ], [ 118.72888405124479, 25.374463436601079 ], [ 118.728578475521772, 25.37461255755392 ], [ 118.728160447932652, 25.374413322182495 ], [ 118.728345015669362, 25.373243578314689 ], [ 118.727433177711788, 25.373327917214251 ], [ 118.725860073889578, 25.372491862036004 ], [ 118.725058243192308, 25.372653206017777 ], [ 118.724626770271385, 25.373205686925036 ], [ 118.724132959902931, 25.372890332778855 ], [ 118.723542587606033, 25.372909889625131 ], [ 118.723074445598314, 25.372491862036004 ], [ 118.721993929841631, 25.372233956125758 ], [ 118.72167613108968, 25.37263120456571 ], [ 118.720444049774386, 25.372445414526101 ], [ 118.719792562332856, 25.372741211826007 ], [ 118.719526100302346, 25.373205686925036 ], [ 118.719724113370887, 25.374062521252444 ], [ 118.719622662230819, 25.3748973541278 ], [ 118.718694934335673, 25.374981693027362 ], [ 118.717367513394777, 25.375963202249768 ], [ 118.717239171591103, 25.376343338449235 ], [ 118.717593639429822, 25.376741809192087 ], [ 118.71818034481808, 25.377822324948763 ], [ 118.718708379667476, 25.378259909384159 ], [ 118.718606928527436, 25.378511703779946 ], [ 118.71791388278757, 25.378506814568379 ], [ 118.717079049912201, 25.378827057926127 ], [ 118.716703802924314, 25.379246307818139 ], [ 118.717602195550086, 25.379780454182022 ], [ 118.718923504976516, 25.379730339763444 ], [ 118.719356200200338, 25.380334157392173 ], [ 118.719807229967557, 25.380719182803208 ], [ 118.721210433687759, 25.381095652093993 ], [ 118.721627238974008, 25.380697181351149 ], [ 118.722183386789908, 25.380914751265951 ], [ 118.722836096534337, 25.38137189254763 ], [ 118.723014552756609, 25.381822922314836 ], [ 118.723644038746073, 25.382821543777741 ], [ 118.723285903998658, 25.383226126035051 ], [ 118.723659928683674, 25.383694268042749 ], [ 118.72409995772486, 25.38385194511584 ], [ 118.723673374015476, 25.384367756936339 ], [ 118.724015618825291, 25.38482489821801 ], [ 118.723571922875436, 25.385360266884785 ], [ 118.722305617079144, 25.385509387837626 ], [ 118.721742135445851, 25.385967751422189 ], [ 118.721457338871971, 25.385987308268465 ], [ 118.720527166371028, 25.386483563242688 ], [ 118.720649396660235, 25.386943149130143 ], [ 118.722457182637783, 25.387879433145546 ], [ 118.722872765621105, 25.387914879929415 ], [ 118.723457026403565, 25.38827057007104 ], [ 118.722823873505405, 25.388565145068053 ], [ 118.72231172859361, 25.389267969231053 ], [ 118.722818984293866, 25.38960288022351 ], [ 118.723865275569551, 25.389486761448747 ], [ 118.724156183657897, 25.389244745476102 ], [ 118.724179407412862, 25.388737489775846 ], [ 118.724396977327643, 25.388392800360254 ], [ 118.724764890498193, 25.388449026293298 ], [ 118.725757400446639, 25.389124959792671 ], [ 118.72642477782577, 25.388732600564285 ], [ 118.726946701160728, 25.389065066950952 ], [ 118.727001704790865, 25.389700664454875 ], [ 118.726389331041901, 25.390757956456607 ], [ 118.726219430939864, 25.391811581549657 ], [ 118.7263416612291, 25.392117157272697 ], [ 118.727013927819797, 25.392634191396088 ], [ 118.727873206752975, 25.39271853029565 ], [ 118.728668925935779, 25.393277122717375 ], [ 118.729449977483881, 25.393484914209044 ], [ 118.730382594590594, 25.392722197204325 ], [ 118.730666168861575, 25.391778579371572 ], [ 118.730485268033561, 25.391233432281663 ], [ 118.731398328294006, 25.391501116615043 ], [ 118.731593896756749, 25.391278657488673 ], [ 118.731321323211802, 25.390343595776162 ] ] ], [ [ [ 119.020554856586187, 25.467089549769785 ], [ 119.019817807942189, 25.466722858902134 ], [ 119.020224834805276, 25.465762128828889 ], [ 119.020201611050339, 25.465467553831875 ], [ 119.019663797777781, 25.465125309022067 ], [ 119.019326442179562, 25.465498111404177 ], [ 119.019036756394115, 25.465264651551774 ], [ 119.018940194465642, 25.464652277802795 ], [ 119.018452495611655, 25.464266030088869 ], [ 119.01801002196467, 25.46346053248293 ], [ 119.017650664914385, 25.46321362729871 ], [ 119.01739153670124, 25.462562139857187 ], [ 119.017026068136488, 25.462087886335024 ], [ 119.016649598845703, 25.462175892143254 ], [ 119.016246238891284, 25.461715083952907 ], [ 119.016430806627994, 25.461342281570797 ], [ 119.01560086296422, 25.461260387277019 ], [ 119.015883214932302, 25.46088147338045 ], [ 119.015782986095161, 25.460483002637599 ], [ 119.014569239323208, 25.460671237282991 ], [ 119.014126765676252, 25.460965812280012 ], [ 119.013937308727947, 25.460308213324016 ], [ 119.013679402817729, 25.46014931394804 ], [ 119.01280912315849, 25.460182316126126 ], [ 119.012872682908892, 25.459261922048324 ], [ 119.012254197645461, 25.458456424442385 ], [ 119.012581774820546, 25.457851384510757 ], [ 119.011998736340985, 25.457511584306733 ], [ 119.011123567470179, 25.457675372894283 ], [ 119.010738542059158, 25.45686498607677 ], [ 119.009887819246217, 25.457217009309719 ], [ 119.009609134186775, 25.457654593745115 ], [ 119.009890263851986, 25.458104401209436 ], [ 119.009588355037607, 25.458353750999439 ], [ 119.009716696841309, 25.459363373188371 ], [ 119.010722652121558, 25.460531894753284 ], [ 119.011310579812687, 25.460571008445836 ], [ 119.011403474832491, 25.461094154083685 ], [ 119.011819057815813, 25.461774976794626 ], [ 119.011754275762542, 25.462232118076297 ], [ 119.012067185302953, 25.463777108932003 ], [ 119.012433876170604, 25.46452760290779 ], [ 119.012783454797756, 25.464554493571423 ], [ 119.013800410804038, 25.464059460900092 ], [ 119.014079095863451, 25.463737995239452 ], [ 119.014564350111669, 25.463823556441906 ], [ 119.014917595647489, 25.464390704983874 ], [ 119.015465187343182, 25.464730505187891 ], [ 119.015476188069215, 25.465218204041872 ], [ 119.015880770326532, 25.465646010054133 ], [ 119.016232793559453, 25.466494288261298 ], [ 119.016770606832011, 25.467001543961548 ], [ 119.017161743757498, 25.467579693229542 ], [ 119.01842682725092, 25.468344854840044 ], [ 119.018967085129248, 25.468470752037934 ], [ 119.019916814476488, 25.468965784709265 ], [ 119.020477851503983, 25.469662497357806 ], [ 119.022251413000504, 25.470653785003353 ], [ 119.022869898263963, 25.471293049415959 ], [ 119.023515274191027, 25.471064478775123 ], [ 119.023781736221508, 25.470714900147964 ], [ 119.023720621076905, 25.470377544549724 ], [ 119.024031086011519, 25.469507264890499 ], [ 119.023994416924751, 25.468896113444412 ], [ 119.022935902620134, 25.46842308222514 ], [ 119.022158517980699, 25.467576026320867 ], [ 119.021786937901481, 25.467505132753121 ], [ 119.021234456994222, 25.467738592605524 ], [ 119.020725978991067, 25.46774470411999 ], [ 119.020554856586187, 25.467089549769785 ] ] ], [ [ [ 119.330087174090835, 25.513329268180609 ], [ 119.330169068384606, 25.512389317256531 ], [ 119.330865781033168, 25.512185192673538 ], [ 119.332607562654516, 25.512070296201667 ], [ 119.332980365036605, 25.511455477846912 ], [ 119.333134375201013, 25.510654869452534 ], [ 119.332941251344067, 25.510068164064297 ], [ 119.333178378105146, 25.509386119050458 ], [ 119.333642853204168, 25.508763966878352 ], [ 119.33403887934125, 25.507745788569171 ], [ 119.333083038479572, 25.506568710884007 ], [ 119.332899693045732, 25.505559088695076 ], [ 119.332577005082186, 25.50525595757782 ], [ 119.332180978945132, 25.504188887152953 ], [ 119.332156532887296, 25.503677964544028 ], [ 119.33248533236528, 25.503648629274618 ], [ 119.332617341077622, 25.503182931872697 ], [ 119.332530557572284, 25.50227965003538 ], [ 119.332216425729001, 25.501626940290965 ], [ 119.331982965876591, 25.501606161141797 ], [ 119.331673723244876, 25.500460863331828 ], [ 119.333904426023082, 25.499637031182505 ], [ 119.334260116164728, 25.499715258567608 ], [ 119.334672032239382, 25.50030685316742 ], [ 119.33522818005531, 25.500133286156728 ], [ 119.335157286487572, 25.499418238964811 ], [ 119.33562787310106, 25.499349790002849 ], [ 119.335840553804303, 25.498882870298043 ], [ 119.33656415711647, 25.498650632748525 ], [ 119.337348875573241, 25.498934207019513 ], [ 119.338228933655586, 25.499832599645256 ], [ 119.338902422549182, 25.49996338605472 ], [ 119.338964759996685, 25.500783551295367 ], [ 119.339297226383337, 25.501174688220861 ], [ 119.339698141731986, 25.501172243615077 ], [ 119.340224954278511, 25.500683322458212 ], [ 119.340370408322684, 25.499921827756385 ], [ 119.341152682173657, 25.499705480144467 ], [ 119.341585377397507, 25.500360634494672 ], [ 119.342672004668628, 25.500548869140065 ], [ 119.343412720221295, 25.500070948709233 ], [ 119.343798967935214, 25.499646809605647 ], [ 119.344477346040378, 25.499749483048593 ], [ 119.344847703816697, 25.500155287608788 ], [ 119.344747474979528, 25.500935116853992 ], [ 119.344939376533603, 25.501612272656256 ], [ 119.345037160764974, 25.502582781152643 ], [ 119.344836703090664, 25.50355817886059 ], [ 119.344746252676657, 25.504550688809037 ], [ 119.344830591576198, 25.505112948139431 ], [ 119.345296288978119, 25.506034564520132 ], [ 119.345889105880815, 25.506653049783569 ], [ 119.346250907536927, 25.50752088483701 ], [ 119.347072295080437, 25.508023251325692 ], [ 119.347276419663444, 25.508528062420158 ], [ 119.347821566753339, 25.508543952357758 ], [ 119.348281152640794, 25.509185661376147 ], [ 119.349235771199602, 25.509512016248355 ], [ 119.350464185606228, 25.509399564382274 ], [ 119.350973885912254, 25.509505904733896 ], [ 119.351308796904704, 25.509200329010849 ], [ 119.35189794689876, 25.509222330462908 ], [ 119.352473651560956, 25.508671071858547 ], [ 119.352741335894336, 25.508660071132514 ], [ 119.353188698752859, 25.5090842102361 ], [ 119.35382185165102, 25.509279778698843 ], [ 119.354695798218927, 25.508541507751975 ], [ 119.354923146556871, 25.508188262216134 ], [ 119.354659129132159, 25.507822793651382 ], [ 119.3548571422007, 25.507082078098723 ], [ 119.354645683800328, 25.506439146777442 ], [ 119.353787627170021, 25.505433191497179 ], [ 119.353462494600706, 25.504316006653742 ], [ 119.353248591594593, 25.503921202819566 ], [ 119.352460206229125, 25.503369944215198 ], [ 119.352361199694883, 25.503030144011174 ], [ 119.352637440148499, 25.502205089558959 ], [ 119.35315202966612, 25.501959406677638 ], [ 119.354550344174754, 25.502837020154214 ], [ 119.355485405887265, 25.502927470568228 ], [ 119.355831317605748, 25.502838242457099 ], [ 119.356141782540362, 25.502079192361062 ], [ 119.355987772375954, 25.501762615911996 ], [ 119.356476693532812, 25.501606161141797 ], [ 119.356906944150865, 25.501826175662384 ], [ 119.357285858047447, 25.501460707097632 ], [ 119.357355529312287, 25.50031418698477 ], [ 119.357993571422014, 25.500700434698697 ], [ 119.358159804615326, 25.500347189162856 ], [ 119.359066753361333, 25.501073237080806 ], [ 119.359611900451227, 25.501221135730763 ], [ 119.360307390796891, 25.501598827324447 ], [ 119.361227784874671, 25.501195467370028 ], [ 119.361407463399843, 25.502565668912151 ], [ 119.362019837148807, 25.50276734888936 ], [ 119.362706771374206, 25.50233343136264 ], [ 119.363173691079027, 25.501678277012434 ], [ 119.36367116835612, 25.500623429616493 ], [ 119.363624720846218, 25.500254294143051 ], [ 119.363833734640792, 25.499699368630008 ], [ 119.36425420683571, 25.499909604727467 ], [ 119.364534114197994, 25.49913222008804 ], [ 119.364365436398884, 25.498272941154848 ], [ 119.365233271452325, 25.498276608063524 ], [ 119.365795530782719, 25.497909917195873 ], [ 119.366340677872643, 25.497177757763456 ], [ 119.366745260129932, 25.49695774324287 ], [ 119.367796440617184, 25.496947964819736 ], [ 119.367961451507654, 25.496415040758745 ], [ 119.367478641865233, 25.496228028416244 ], [ 119.367477419562334, 25.495280743674815 ], [ 119.367837998915519, 25.495016726250103 ], [ 119.36823646965837, 25.49427356609166 ], [ 119.368094682522894, 25.493156381248216 ], [ 119.367677877236673, 25.49268946154341 ], [ 119.366722036374995, 25.492399775757963 ], [ 119.365169711701924, 25.49259289961493 ], [ 119.364768796353303, 25.492865473159878 ], [ 119.363767730284621, 25.493260276994054 ], [ 119.363568494913181, 25.493700306035233 ], [ 119.363128465871995, 25.493790756449254 ], [ 119.36266887998454, 25.494278455303235 ], [ 119.362172625010317, 25.495356526454128 ], [ 119.361306012259774, 25.494229563187542 ], [ 119.360367283638595, 25.493541406659251 ], [ 119.359367439872784, 25.493554851991068 ], [ 119.359075309481568, 25.494570585694465 ], [ 119.359236653463341, 25.495145068053784 ], [ 119.359092421722039, 25.495523981950353 ], [ 119.358422599737139, 25.496545827168209 ], [ 119.357877452647244, 25.497116642618852 ], [ 119.357917788642681, 25.497357436288613 ], [ 119.357057287406576, 25.497628787530676 ], [ 119.356570810855516, 25.497595785352583 ], [ 119.355911989596621, 25.496892961189584 ], [ 119.355755534826415, 25.496443153725263 ], [ 119.355287392818724, 25.495882116697761 ], [ 119.35509060205311, 25.495099842846766 ], [ 119.355518408065365, 25.494076775326025 ], [ 119.355311838876588, 25.492991370357775 ], [ 119.35497448327834, 25.492229875655955 ], [ 119.35420565475917, 25.491195807409181 ], [ 119.352808562553406, 25.49049909476064 ], [ 119.352394201872954, 25.489861052650927 ], [ 119.352594659547293, 25.48925234581063 ], [ 119.352472429258057, 25.488993217597486 ], [ 119.351074114749423, 25.488665640422379 ], [ 119.35059619431857, 25.488218277563849 ], [ 119.349482676383815, 25.488036154432915 ], [ 119.34954256922552, 25.48710475962908 ], [ 119.34862217514771, 25.486934859527071 ], [ 119.348589172969639, 25.486494830485885 ], [ 119.348221259799089, 25.485740669601416 ], [ 119.347696891858362, 25.485305529771804 ], [ 119.3477030033728, 25.48444502853572 ], [ 119.34723363906221, 25.48368108922811 ], [ 119.346307133469963, 25.4829330398581 ], [ 119.345879327457681, 25.483479409250901 ], [ 119.346408584610003, 25.484492698348507 ], [ 119.346390250066605, 25.484951061933078 ], [ 119.345643422999501, 25.485296973651561 ], [ 119.345687425903634, 25.485903235886074 ], [ 119.344991935557971, 25.485810340866269 ], [ 119.343855193868251, 25.484726158200917 ], [ 119.343456723125428, 25.484476808410914 ], [ 119.342899353006572, 25.484888724485575 ], [ 119.342324870647246, 25.484292240674197 ], [ 119.341635491816078, 25.484563591916253 ], [ 119.341300580823628, 25.483929216715222 ], [ 119.34022862118718, 25.483535635183944 ], [ 119.339655361130752, 25.484121118269289 ], [ 119.340056276479373, 25.485305529771804 ], [ 119.34037651983715, 25.485576881013866 ], [ 119.340061165690969, 25.485960684122009 ], [ 119.339628470467119, 25.485834786924119 ], [ 119.339278891839967, 25.486291928205784 ], [ 119.338719077115343, 25.486225923849613 ], [ 119.338167818510982, 25.485917903520782 ], [ 119.337851242061902, 25.485998575511669 ], [ 119.337339097150078, 25.486478940548292 ], [ 119.336828174541154, 25.4861024712575 ], [ 119.336685165102779, 25.485611105494851 ], [ 119.337251091341869, 25.484985286414055 ], [ 119.33683184144985, 25.484856944610382 ], [ 119.336347809504531, 25.485168631847881 ], [ 119.336041011478613, 25.484864278427732 ], [ 119.336102126623217, 25.484365578847726 ], [ 119.336604493111906, 25.4841504535387 ], [ 119.336830619146951, 25.483183611950995 ], [ 119.336646051410241, 25.482554125961531 ], [ 119.336154685647585, 25.481747406052694 ], [ 119.335399302460218, 25.481512723897399 ], [ 119.334728258172419, 25.481751072961369 ], [ 119.334642696969951, 25.482106763102994 ], [ 119.334867600702125, 25.482744805212707 ], [ 119.334728258172419, 25.483298508422859 ], [ 119.333710079863238, 25.483747093584288 ], [ 119.333212602586144, 25.484189567231251 ], [ 119.332639342529689, 25.484096672211447 ], [ 119.332460886307445, 25.484327687458066 ], [ 119.332288541599638, 25.485152741910287 ], [ 119.331707947725874, 25.48549131981142 ], [ 119.332113752286062, 25.486349376441719 ], [ 119.332563559750383, 25.486392157042946 ], [ 119.33280435342013, 25.486899412743195 ], [ 119.333754082767342, 25.487423780683937 ], [ 119.333963096561916, 25.48851774177243 ], [ 119.333905648325981, 25.489032331290037 ], [ 119.334150108904424, 25.489396577551897 ], [ 119.334414126329136, 25.490385420591668 ], [ 119.334453240021674, 25.491012461975348 ], [ 119.332817798751961, 25.492407109575321 ], [ 119.333534068246763, 25.492195651174971 ], [ 119.333718635983473, 25.49234599443071 ], [ 119.336422369980966, 25.493428954793171 ], [ 119.336555600996206, 25.494819935484468 ], [ 119.336462705976402, 25.495107176664124 ], [ 119.336575157842475, 25.495926119601879 ], [ 119.336262248302091, 25.49635148100835 ], [ 119.336215800792189, 25.497246206725425 ], [ 119.336361254836362, 25.497649566679836 ], [ 119.33526118223341, 25.498736193950979 ], [ 119.334212446351927, 25.498722748619169 ], [ 119.332555003630148, 25.499353456911525 ], [ 119.331943852184054, 25.49966269954324 ], [ 119.331073572524843, 25.499931606179526 ], [ 119.329515136337307, 25.498349946237052 ], [ 119.3294246859233, 25.497887915743814 ], [ 119.328083819650573, 25.49663627758223 ], [ 119.32751789341151, 25.496318478830265 ], [ 119.327233096837602, 25.49661427613017 ], [ 119.326859072152615, 25.496571495528944 ], [ 119.327149980240961, 25.497532225602189 ], [ 119.326494825890762, 25.497896471864056 ], [ 119.326507048919666, 25.498873091874902 ], [ 119.326771066344378, 25.499321677036331 ], [ 119.326904297359647, 25.50012717464227 ], [ 119.326867628272851, 25.501012121936203 ], [ 119.327019193831489, 25.50137636819807 ], [ 119.326948300263751, 25.502302873790331 ], [ 119.326999636985221, 25.503503175230446 ], [ 119.326790623190647, 25.503803861741918 ], [ 119.326379929418891, 25.503660852303536 ], [ 119.326001015522309, 25.503993318690203 ], [ 119.325772444881466, 25.505018830816734 ], [ 119.325909342805403, 25.505810883090863 ], [ 119.326122023508645, 25.506237466800233 ], [ 119.326120801205747, 25.507177417724311 ], [ 119.32638115172179, 25.508229820514469 ], [ 119.326735619560509, 25.508592844473444 ], [ 119.326337148817657, 25.509338449237671 ], [ 119.326372595601526, 25.509697806287971 ], [ 119.326059686061143, 25.510075497881648 ], [ 119.325593988659222, 25.510013160434145 ], [ 119.325053730780894, 25.508700407127957 ], [ 119.324267790021196, 25.50781057062245 ], [ 119.324140670520421, 25.507523329442794 ], [ 119.323080933912934, 25.507276424258574 ], [ 119.322643349477516, 25.507591778404755 ], [ 119.322407445019337, 25.507298425710633 ], [ 119.322537009125909, 25.506736166380239 ], [ 119.322347552177604, 25.506314471882437 ], [ 119.321681397101401, 25.506203242319248 ], [ 119.321795071270344, 25.505755879460718 ], [ 119.321428380402722, 25.505048166086144 ], [ 119.321075134866874, 25.505023720028301 ], [ 119.320801339019027, 25.504547021900361 ], [ 119.321058022626374, 25.504034876988538 ], [ 119.320448093483179, 25.502925025962451 ], [ 119.320015398259358, 25.502679343081123 ], [ 119.319637706665674, 25.501738169854153 ], [ 119.319194010715819, 25.502090193087096 ], [ 119.318845654391538, 25.501881179292536 ], [ 119.318156275560369, 25.500359412191781 ], [ 119.317716246519183, 25.500294630138502 ], [ 119.317807919236117, 25.501186911249778 ], [ 119.317569570172111, 25.501201578884487 ], [ 119.317289662809799, 25.500405859701683 ], [ 119.316816631590541, 25.500685767063988 ], [ 119.317105095073089, 25.501323809173702 ], [ 119.316737181902567, 25.501410592679047 ], [ 119.316690734392637, 25.501969185100773 ], [ 119.317146653371424, 25.502498442253081 ], [ 119.317675910523747, 25.503896756761723 ], [ 119.318243059065708, 25.504273226052515 ], [ 119.318263838214875, 25.504790260175898 ], [ 119.317892258135657, 25.505529753425666 ], [ 119.317338554925499, 25.506327917214247 ], [ 119.317139319554059, 25.506895065756215 ], [ 119.316643064579864, 25.507426767514314 ], [ 119.317061092168984, 25.508136925494664 ], [ 119.317986375458332, 25.508550063872217 ], [ 119.317916704193493, 25.508864195715507 ], [ 119.318376290080948, 25.509054874966683 ], [ 119.31942624826533, 25.508968091461337 ], [ 119.320152296183267, 25.509779700581742 ], [ 119.320972461423906, 25.509287112516194 ], [ 119.321356264532056, 25.509284667910411 ], [ 119.322004085064918, 25.509574353695857 ], [ 119.322255879460698, 25.510043718006454 ], [ 119.322930590657194, 25.510321180762976 ], [ 119.323397510361985, 25.510906663848328 ], [ 119.323380398121486, 25.51146770087583 ], [ 119.322912256113796, 25.512051961658283 ], [ 119.323040597917469, 25.513210704800063 ], [ 119.32255289906351, 25.514241106138162 ], [ 119.322206987345027, 25.514572350221943 ], [ 119.32277046897832, 25.515480521270828 ], [ 119.323197052687675, 25.515211614634548 ], [ 119.323520962954092, 25.515448741395627 ], [ 119.323778868864338, 25.514840034555331 ], [ 119.324555031200873, 25.515561193261714 ], [ 119.32538008565308, 25.515646754464161 ], [ 119.325900786685168, 25.515432851458034 ], [ 119.326301702033788, 25.514767918684694 ], [ 119.326434933049029, 25.514283886739388 ], [ 119.32623080846605, 25.513803521702773 ], [ 119.326370150995757, 25.513517502826002 ], [ 119.326856627546846, 25.513386716416537 ], [ 119.327267321318601, 25.513508946705759 ], [ 119.327497114262343, 25.514179990993558 ], [ 119.328202383031112, 25.514964709450329 ], [ 119.328897873376746, 25.515313065774595 ], [ 119.329010325242848, 25.515592973136908 ], [ 119.329715594011617, 25.516 ], [ 119.330085951787936, 25.515339956438229 ], [ 119.329358681567101, 25.514953708724303 ], [ 119.329821934363252, 25.514780141713612 ], [ 119.329400239865436, 25.5143608918216 ], [ 119.330145844629669, 25.514275330619146 ], [ 119.329567695361675, 25.513857303030026 ], [ 119.330087174090835, 25.513329268180609 ] ] ] ] } },
{ "type": "Feature", "properties": { "COUNTYID": "W", "COUNTYCODE": "09020", "COUNTYNAME": "金門縣", "COUNTYENG": "Kinmen County", "layout": "inset", "is_inset": true, "inset_scale": 2.3255742791484497, "inset_label": "金門縣", "include_waisanding": null }, "geometry": { "type": "MultiPolygon", "coordinates": [ [ [ [ 118.632758100495437, 24.167412186621227 ], [ 118.628420904464804, 24.170000550793922 ], [ 118.62759300002142, 24.172091242070877 ], [ 118.623867430026223, 24.174391235032957 ], [ 118.621820924660597, 24.177509830141297 ], [ 118.62, 24.179333080376146 ], [ 118.620634881778244, 24.180279589107755 ], [ 118.624869752540519, 24.182637721426815 ], [ 118.626904630034801, 24.182607488961182 ], [ 118.630141829431409, 24.180595867209725 ], [ 118.633530191156126, 24.180267961236353 ], [ 118.636039485803337, 24.178998197679945 ], [ 118.638688314907256, 24.178735407786398 ], [ 118.643360393634055, 24.177716806252135 ], [ 118.646748755358772, 24.177330760921798 ], [ 118.646906894409767, 24.175812160917516 ], [ 118.642704581687326, 24.171712173463376 ], [ 118.639395289488107, 24.169509854621019 ], [ 118.636188322557189, 24.169556366106605 ], [ 118.633527865581812, 24.169198227667614 ], [ 118.632758100495437, 24.167412186621227 ] ] ], [ [ [ 118.648525494108071, 24.205907417663965 ], [ 118.649716188138939, 24.203305100045604 ], [ 118.650474325353969, 24.200709759150072 ], [ 118.652209203766233, 24.197428373842193 ], [ 118.655151055229339, 24.196263261128344 ], [ 118.657262676674804, 24.197077212126047 ], [ 118.662267312523511, 24.197456280733547 ], [ 118.665641720802569, 24.196284191296861 ], [ 118.667783574713667, 24.191591182401538 ], [ 118.669288221272325, 24.193030712880322 ], [ 118.671037053130192, 24.190646999244201 ], [ 118.669832405653608, 24.188642354215567 ], [ 118.665832417893512, 24.185663293563984 ], [ 118.663341727840475, 24.184349344096269 ], [ 118.660985921095687, 24.183707485595214 ], [ 118.655613844510867, 24.187153986676918 ], [ 118.654660359056436, 24.18913305038847 ], [ 118.653499897491145, 24.189823745949376 ], [ 118.651162695340588, 24.19030513982517 ], [ 118.648872004675638, 24.189888862029193 ], [ 118.646225501145977, 24.190263279488143 ], [ 118.644832482152765, 24.191742344729683 ], [ 118.644702249993145, 24.195116753008726 ], [ 118.644181321354608, 24.197146979354414 ], [ 118.642327838654126, 24.200656270941657 ], [ 118.638725524095719, 24.202895798972477 ], [ 118.638262734814134, 24.204700444613096 ], [ 118.638548780450492, 24.207000437575168 ], [ 118.639688311847294, 24.208670199907601 ], [ 118.642427838348112, 24.210205078931843 ], [ 118.647641775881993, 24.2083353172114 ], [ 118.649881303912821, 24.209370197765629 ], [ 118.64990921080414, 24.207405087499744 ], [ 118.648525494108071, 24.205907417663965 ] ] ], [ [ [ 118.86167833023768, 24.348765120057777 ], [ 118.868113194268062, 24.346090709636762 ], [ 118.872752714955027, 24.343106997836614 ], [ 118.876175960293892, 24.337555852032288 ], [ 118.877685258001065, 24.335625625380594 ], [ 118.881213154182547, 24.332541913886445 ], [ 118.884145703348565, 24.33081633777131 ], [ 118.886092209020205, 24.329218668241538 ], [ 118.888487550527714, 24.328509368086394 ], [ 118.89218056248302, 24.328009369616382 ], [ 118.893959626806577, 24.327367511115334 ], [ 118.894085207817625, 24.323883800845174 ], [ 118.892410794336627, 24.319751255351122 ], [ 118.892982885609285, 24.317102426247182 ], [ 118.8916759128644, 24.312739648899488 ], [ 118.895506133702156, 24.309372217343281 ], [ 118.895110786074724, 24.307918733418816 ], [ 118.889420105813656, 24.30344665408002 ], [ 118.887466623419186, 24.301058289295334 ], [ 118.889596849458826, 24.299288527268899 ], [ 118.888701503361403, 24.297446672439811 ], [ 118.888468945933482, 24.294642029859162 ], [ 118.886706160629899, 24.292532733987976 ], [ 118.885959651286271, 24.288553676396354 ], [ 118.887331740110938, 24.285839731212583 ], [ 118.885545699064608, 24.282381602259491 ], [ 118.884224772874006, 24.280939746206414 ], [ 118.88444802800484, 24.279418820627853 ], [ 118.882573615135811, 24.278097894437302 ], [ 118.879801530595103, 24.277395571004995 ], [ 118.879559670870094, 24.273474652770354 ], [ 118.878941068111772, 24.272439772216131 ], [ 118.87727363135366, 24.272151401005509 ], [ 118.875696891992391, 24.272902561497681 ], [ 118.873345736396175, 24.273121165479921 ], [ 118.872794575292005, 24.276837433177995 ], [ 118.86928760927907, 24.277788593058169 ], [ 118.868966680028507, 24.278565334867402 ], [ 118.866287618458955, 24.279374634716554 ], [ 118.863496929323958, 24.27932347208241 ], [ 118.860178334827651, 24.278295568251025 ], [ 118.854262073861491, 24.275065345577289 ], [ 118.851324873546957, 24.272914189369075 ], [ 118.849187670784374, 24.270642103298343 ], [ 118.84638767935229, 24.265567700221247 ], [ 118.84858767262034, 24.26430258781339 ], [ 118.849487669866392, 24.262886313077388 ], [ 118.846276051786901, 24.25894213909995 ], [ 118.843548153157428, 24.257495631898323 ], [ 118.843108619618704, 24.256070054865205 ], [ 118.840683045645562, 24.253660759912009 ], [ 118.838599331091416, 24.252472391455363 ], [ 118.834287716377901, 24.250702629428929 ], [ 118.832180746080951, 24.248888681491195 ], [ 118.831057493704122, 24.247374732635464 ], [ 118.829592381908242, 24.246611944271905 ], [ 118.828480757402815, 24.24832124136708 ], [ 118.829257499212076, 24.250142166027658 ], [ 118.828885407327391, 24.251435185326862 ], [ 118.829929590178722, 24.253349132958604 ], [ 118.828734244999282, 24.254109595747877 ], [ 118.824648210990802, 24.255051453330935 ], [ 118.820897059678543, 24.254986337251118 ], [ 118.815511029648064, 24.253704945823308 ], [ 118.811529646482086, 24.251525882723747 ], [ 118.810255231777148, 24.251393324989834 ], [ 118.80819709854012, 24.250077049947841 ], [ 118.804629667595862, 24.244802647482729 ], [ 118.802978509857667, 24.241960795713609 ], [ 118.801150608474245, 24.23968173292004 ], [ 118.797087830208625, 24.238665456960057 ], [ 118.793487841224476, 24.232165476849836 ], [ 118.790997151171553, 24.232430592317655 ], [ 118.788169252848093, 24.235335234592313 ], [ 118.787594836001119, 24.237930575487844 ], [ 118.786711117775042, 24.239670105048653 ], [ 118.784471589744214, 24.240872426950965 ], [ 118.782101829553767, 24.241667773354436 ], [ 118.777073937962257, 24.242695677185822 ], [ 118.771687907931778, 24.243044513327696 ], [ 118.769997215430806, 24.242711956205774 ], [ 118.764543743746231, 24.243153815318813 ], [ 118.763399561200856, 24.245749156214337 ], [ 118.762167006832897, 24.246318921912732 ], [ 118.76011352474444, 24.248470078120945 ], [ 118.760764685542597, 24.250163096196168 ], [ 118.762808865333966, 24.249630539686237 ], [ 118.762846074522429, 24.248765426054398 ], [ 118.765069323533282, 24.247974730799484 ], [ 118.766962340996542, 24.248272404307215 ], [ 118.769573960911998, 24.249411935704003 ], [ 118.770983258925185, 24.250779373380134 ], [ 118.76717164268166, 24.252009602173807 ], [ 118.766976294442202, 24.254932849042703 ], [ 118.768369313435414, 24.257160749202129 ], [ 118.769180938858824, 24.257711910306284 ], [ 118.771180932738901, 24.262795615680496 ], [ 118.771413490166822, 24.265544444478451 ], [ 118.773501855869483, 24.268718853369485 ], [ 118.773401856175497, 24.277314175905225 ], [ 118.771962325696734, 24.27974905217549 ], [ 118.771620466277625, 24.281439744676433 ], [ 118.772185580827511, 24.285700196755833 ], [ 118.775722779306079, 24.290595530613444 ], [ 118.778362306112911, 24.29342342893689 ], [ 118.782046015771073, 24.295955979326884 ], [ 118.786152979948042, 24.30156991563674 ], [ 118.788566926049839, 24.305581531268274 ], [ 118.789429714107371, 24.312814067276427 ], [ 118.792564588235678, 24.319455907417677 ], [ 118.793422725144694, 24.322700083537086 ], [ 118.794687837552544, 24.324593101000318 ], [ 118.794808767415077, 24.328127973904621 ], [ 118.796599459609979, 24.331755869780096 ], [ 118.800948283512014, 24.337197713593291 ], [ 118.804106413383067, 24.341479095841208 ], [ 118.807536635444819, 24.3436209497523 ], [ 118.810711044335847, 24.345262805193386 ], [ 118.813557547253538, 24.345783733831915 ], [ 118.815527308667981, 24.345474432452789 ], [ 118.819080786166523, 24.347504658798485 ], [ 118.822250543908979, 24.348920933534487 ], [ 118.829317964143343, 24.350788369680643 ], [ 118.831999351287209, 24.348897677791697 ], [ 118.834090042564128, 24.348362795707487 ], [ 118.836401663397623, 24.350072092802669 ], [ 118.839936536301934, 24.351088368762646 ], [ 118.843392339680747, 24.351097671059769 ], [ 118.846729538771285, 24.351499995410059 ], [ 118.849669064660134, 24.350111627565411 ], [ 118.853859749511173, 24.349772093720652 ], [ 118.85645043925814, 24.349679070749488 ], [ 118.86167833023768, 24.348765120057777 ] ] ], [ [ [ 118.902761925453092, 24.34437443581875 ], [ 118.899927050406859, 24.3444697843642 ], [ 118.895329390056929, 24.342737231526229 ], [ 118.893166605977342, 24.342486069504076 ], [ 118.893845673666874, 24.346125593250953 ], [ 118.89606659710347, 24.349802326186278 ], [ 118.897320081639918, 24.350851160186181 ], [ 118.898787519010057, 24.353806965094975 ], [ 118.900666583027601, 24.355409285773312 ], [ 118.902208438774665, 24.355388355604795 ], [ 118.907031679829629, 24.352346504447674 ], [ 118.907813072787405, 24.351041857277067 ], [ 118.912678174179405, 24.346932567525812 ], [ 118.913766542942028, 24.345569780998233 ], [ 118.913747938347797, 24.344502342404105 ], [ 118.911615386733843, 24.34239769768147 ], [ 118.906743308619014, 24.342576766900969 ], [ 118.903854945364344, 24.343290718204663 ], [ 118.902761925453092, 24.34437443581875 ] ] ], [ [ [ 119.231835337101188, 24.518822739220511 ], [ 119.236753926701567, 24.521390173224695 ], [ 119.242842280164382, 24.523776212435102 ], [ 119.248795750319005, 24.521899473991823 ], [ 119.254332942677649, 24.517332046107576 ], [ 119.258246884189475, 24.518906459894566 ], [ 119.26297942784754, 24.517776230794894 ], [ 119.266414301057864, 24.51666460628946 ], [ 119.265618954654371, 24.513418104595765 ], [ 119.266888718210794, 24.511773923580414 ], [ 119.271867772742439, 24.510697182689171 ], [ 119.276316596338461, 24.511141367376489 ], [ 119.275918923136715, 24.505813476702961 ], [ 119.27157009923468, 24.50402278450801 ], [ 119.273574744263328, 24.498606522011876 ], [ 119.274270090972834, 24.495904204699499 ], [ 119.277742173371564, 24.489683293502779 ], [ 119.281146814116255, 24.486662372514168 ], [ 119.28857702393816, 24.484539123197301 ], [ 119.290488645995595, 24.48451354188024 ], [ 119.3009165210633, 24.480834483370622 ], [ 119.304909532100567, 24.479769370350773 ], [ 119.311265326605508, 24.479680998528167 ], [ 119.314762990321356, 24.478567048448454 ], [ 119.31595368435228, 24.476025195761345 ], [ 119.314386247288098, 24.470994978595549 ], [ 119.3134629942993, 24.463822907518654 ], [ 119.314839734272539, 24.461222915474558 ], [ 119.316125776848935, 24.457106649000472 ], [ 119.31622112539435, 24.455367119439664 ], [ 119.318500188187954, 24.451574107790378 ], [ 119.322490873650963, 24.450283414065453 ], [ 119.324932726644022, 24.448734581595531 ], [ 119.326018769832388, 24.447315981285257 ], [ 119.327988531246888, 24.443360179436425 ], [ 119.326509466005348, 24.439843911126346 ], [ 119.326386210568501, 24.436253224439348 ], [ 119.327686206590556, 24.432811374506201 ], [ 119.329328062031664, 24.431439285681506 ], [ 119.332460610585656, 24.42690674141145 ], [ 119.334551301862632, 24.422778847065963 ], [ 119.336851294824726, 24.4201649015762 ], [ 119.342279185192183, 24.416383517798302 ], [ 119.344304760389377, 24.415739333722975 ], [ 119.348490794091845, 24.415232358530119 ], [ 119.35127683207827, 24.415753287168656 ], [ 119.358546577274865, 24.415034684716396 ], [ 119.358948901625183, 24.413346317789731 ], [ 119.3575628593548, 24.411625392823161 ], [ 119.358665181563083, 24.407511451923348 ], [ 119.355607051386016, 24.405420760646393 ], [ 119.352995431470561, 24.405192854367044 ], [ 119.350690787359895, 24.40323937197256 ], [ 119.349309396238084, 24.400395194629162 ], [ 119.347811726402313, 24.398251015143778 ], [ 119.346239638189616, 24.398144038726947 ], [ 119.345404757023402, 24.39712543719267 ], [ 119.345246617972407, 24.394841723250543 ], [ 119.34562103543135, 24.391523128754201 ], [ 119.346458242171877, 24.389939412670103 ], [ 119.34731405350658, 24.385771983561874 ], [ 119.346909403582004, 24.380165023974847 ], [ 119.347118705267121, 24.377858054289931 ], [ 119.349309396238084, 24.372495280002212 ], [ 119.350541950606043, 24.3687162217986 ], [ 119.350376834832218, 24.366302275696839 ], [ 119.352104736521596, 24.362630193910064 ], [ 119.354218683541376, 24.3599604346376 ], [ 119.356321002689697, 24.356562770615767 ], [ 119.358630297948935, 24.354453474744581 ], [ 119.360537268857797, 24.350439533538768 ], [ 119.36180703241422, 24.348848840731833 ], [ 119.365800043451543, 24.347839541494679 ], [ 119.368344221712903, 24.344995364151281 ], [ 119.369765147597491, 24.345088387122452 ], [ 119.375430246541498, 24.344334901056001 ], [ 119.376662800909401, 24.34061165663509 ], [ 119.378069773348329, 24.3399744492826 ], [ 119.38, 24.337309341158701 ], [ 119.378367446856032, 24.335590741766403 ], [ 119.373511647761177, 24.336781435797327 ], [ 119.370779097983188, 24.335695392608962 ], [ 119.370374448058612, 24.331330289687003 ], [ 119.370651191397826, 24.328227973598615 ], [ 119.369341893078683, 24.32375356868554 ], [ 119.366702366271852, 24.32092799593638 ], [ 119.367544224160895, 24.32001171967039 ], [ 119.366172135336228, 24.31886986269933 ], [ 119.367155853256293, 24.316883822264934 ], [ 119.366362832427058, 24.316302428695145 ], [ 119.363553538697886, 24.317151263307039 ], [ 119.364011676830899, 24.31550940786596 ], [ 119.361765172077185, 24.313418716589005 ], [ 119.359407039758139, 24.313081508318525 ], [ 119.358648902543166, 24.314209411843919 ], [ 119.35723262780715, 24.313948947524651 ], [ 119.356583792583251, 24.315511733440239 ], [ 119.357334953075451, 24.316467544468971 ], [ 119.355248912947047, 24.317965214304735 ], [ 119.352151248007203, 24.318081493018695 ], [ 119.348676840034159, 24.317216379386849 ], [ 119.346897775710602, 24.316441963151895 ], [ 119.343911738336203, 24.313853598979208 ], [ 119.34340708871764, 24.312734997750937 ], [ 119.344123365595578, 24.310818724544916 ], [ 119.345158246149822, 24.310304772629223 ], [ 119.344386155489133, 24.3088908234675 ], [ 119.341179188558158, 24.309900122704654 ], [ 119.339225706163688, 24.30766989697095 ], [ 119.33890710248744, 24.304802463884762 ], [ 119.342697788562475, 24.302783865410454 ], [ 119.345802430225149, 24.303809443667568 ], [ 119.34628847524948, 24.303351305534576 ], [ 119.345741965293882, 24.300328058971679 ], [ 119.34663266024279, 24.298237367694725 ], [ 119.349609395320101, 24.29538621362849 ], [ 119.352916361945063, 24.293879241495596 ], [ 119.352888455053687, 24.292307153282898 ], [ 119.351881481390819, 24.291086226786348 ], [ 119.34832567831802, 24.289674603198897 ], [ 119.35013497510721, 24.288346700285501 ], [ 119.348430329160578, 24.285125779908881 ], [ 119.347323355803724, 24.284762990321333 ], [ 119.344858247067805, 24.282776949886944 ], [ 119.343618715977016, 24.283828109461126 ], [ 119.343002438793064, 24.280486259221981 ], [ 119.342151278606877, 24.27898161266338 ], [ 119.339286171094955, 24.277530454313187 ], [ 119.338681521782405, 24.275507204690328 ], [ 119.337465246434419, 24.27646766686761 ], [ 119.337581525148323, 24.277586268095881 ], [ 119.334555953011147, 24.280335096893836 ], [ 119.332760609667673, 24.281121141000185 ], [ 119.331525729725456, 24.280930443909298 ], [ 119.330842010887409, 24.279074635634537 ], [ 119.332502470922691, 24.27636069045078 ], [ 119.330893173521531, 24.272451400087526 ], [ 119.330197826812025, 24.267853739737646 ], [ 119.327386207508596, 24.26638862794178 ], [ 119.32689086018712, 24.264637470509584 ], [ 119.32795597320694, 24.264479331458602 ], [ 119.328544343499573, 24.26179794431475 ], [ 119.327476904905438, 24.261507247529856 ], [ 119.32669086079909, 24.259346789024526 ], [ 119.325553654976602, 24.260146786576549 ], [ 119.322455990036758, 24.259625857938026 ], [ 119.321053668746458, 24.258932836802835 ], [ 119.32077459983293, 24.257730514900516 ], [ 119.321530411473645, 24.256193310302002 ], [ 119.315360662911075, 24.256107264053675 ], [ 119.313802528144038, 24.257521213215398 ], [ 119.310690909758534, 24.256479355938332 ], [ 119.307702546809821, 24.2538398291315 ], [ 119.306142086468526, 24.253928200954114 ], [ 119.30509325246868, 24.253046808302308 ], [ 119.304765346495287, 24.251295650870112 ], [ 119.305902552317775, 24.250430537238273 ], [ 119.304660695652728, 24.248623566023376 ], [ 119.302616515861359, 24.249497981952331 ], [ 119.302614190287045, 24.248044498027866 ], [ 119.301674658278273, 24.247051477810665 ], [ 119.299046759342843, 24.246246829110078 ], [ 119.297674670518177, 24.246551479340646 ], [ 119.295883978323218, 24.246137527118961 ], [ 119.293602589955356, 24.2465352003207 ], [ 119.291735153809213, 24.245763109660018 ], [ 119.285230522550421, 24.243853813176834 ], [ 119.283944479974082, 24.241765447474165 ], [ 119.281270069553045, 24.240725915771378 ], [ 119.28151890600094, 24.239218943638498 ], [ 119.278942169699633, 24.23872359631703 ], [ 119.278253799712957, 24.237949180082083 ], [ 119.273777069225616, 24.237816622348163 ], [ 119.271837540276806, 24.239135222964443 ], [ 119.269958476259262, 24.238384062472285 ], [ 119.271153821438759, 24.237221275332701 ], [ 119.269214292489949, 24.236265464303976 ], [ 119.266460812543414, 24.237381739957961 ], [ 119.262930590787676, 24.236558486663149 ], [ 119.260511993537364, 24.237065461856005 ], [ 119.261474781288939, 24.239458477789249 ], [ 119.259137579138383, 24.241604982848898 ], [ 119.260058506552923, 24.241872423891003 ], [ 119.261970128610358, 24.240223591727087 ], [ 119.262825939945117, 24.240418939966531 ], [ 119.268060807647487, 24.240360800609558 ], [ 119.27028405665834, 24.242572421749031 ], [ 119.265872442250782, 24.24454218316346 ], [ 119.267639878702937, 24.246877059739731 ], [ 119.268291039501094, 24.248779379500071 ], [ 119.269911964773712, 24.249879376134103 ], [ 119.27186079601961, 24.255581684266581 ], [ 119.275000321296488, 24.258739814137662 ], [ 119.274751484848593, 24.260486320421307 ], [ 119.273184047784468, 24.263923519205889 ], [ 119.271074751913261, 24.267167695325298 ], [ 119.269274757421215, 24.269237456433743 ], [ 119.262088732898633, 24.275990924140395 ], [ 119.259498043151666, 24.277283943439599 ], [ 119.249105051698109, 24.280890909146557 ], [ 119.240505078013825, 24.283276948356956 ], [ 119.23332603021413, 24.284402526308071 ], [ 119.230060923926203, 24.283581598587524 ], [ 119.227609768635944, 24.286774612072797 ], [ 119.222660946569931, 24.286856007172574 ], [ 119.223135363722861, 24.289744370427279 ], [ 119.222721411501198, 24.290665297841819 ], [ 119.223753966481183, 24.29350482403666 ], [ 119.221144672139928, 24.294388542262737 ], [ 119.219965605980406, 24.291551341642176 ], [ 119.219707467235423, 24.287107169194719 ], [ 119.219140027111337, 24.287251354800027 ], [ 119.219170259576913, 24.29106529661783 ], [ 119.217849333386368, 24.294355984222825 ], [ 119.216202826796746, 24.295558306125145 ], [ 119.214842365843481, 24.295481562173933 ], [ 119.212770279160736, 24.296128071823532 ], [ 119.21223539707654, 24.296869930018588 ], [ 119.208160990939461, 24.298832714710187 ], [ 119.20598890456273, 24.29844666937985 ], [ 119.205372627378722, 24.301116428652314 ], [ 119.204291235338985, 24.301781542896144 ], [ 119.200312177747321, 24.302339680723136 ], [ 119.198805205614462, 24.302116425592338 ], [ 119.197898231645581, 24.303014097264096 ], [ 119.194874985082663, 24.302858283787394 ], [ 119.191409879406763, 24.301865263570193 ], [ 119.188956398542246, 24.302102472146672 ], [ 119.187423845092269, 24.30378851349905 ], [ 119.183342462232361, 24.303265259286242 ], [ 119.180640144920005, 24.302393168931566 ], [ 119.177254108769546, 24.302062937383923 ], [ 119.176298297740857, 24.302751307370549 ], [ 119.171226220238054, 24.301402474288643 ], [ 119.169123901089677, 24.301125730949423 ], [ 119.167986695267132, 24.302486191902723 ], [ 119.165228564172082, 24.302137355760856 ], [ 119.15627045204883, 24.299765269996129 ], [ 119.154328597525705, 24.299535038142487 ], [ 119.152512324013685, 24.298711784847669 ], [ 119.146496063353538, 24.297597834767956 ], [ 119.140026315708951, 24.29575132879031 ], [ 119.139577479873083, 24.295997839663897 ], [ 119.135033307731646, 24.294662960027679 ], [ 119.129217046459473, 24.292421106422566 ], [ 119.116305458061674, 24.286846704875451 ], [ 119.115163601090615, 24.286079265363341 ], [ 119.110679893880388, 24.284369968268159 ], [ 119.109275247015773, 24.283304855248311 ], [ 119.098510163677588, 24.278439753856333 ], [ 119.093763666573864, 24.275430460739109 ], [ 119.091026465647303, 24.273953721071855 ], [ 119.08836833424624, 24.270170011719678 ], [ 119.084154393652454, 24.269272340047934 ], [ 119.081582308499662, 24.267049091037059 ], [ 119.080842775878921, 24.265753746163575 ], [ 119.077947435901365, 24.26316073084233 ], [ 119.077549762699618, 24.262058408634012 ], [ 119.077166042943588, 24.257458422709853 ], [ 119.07663348643365, 24.255218894679032 ], [ 119.07296140464689, 24.253249133264596 ], [ 119.072728847218968, 24.250497978892362 ], [ 119.070517226079517, 24.247328221149886 ], [ 119.064835848115536, 24.243860789899671 ], [ 119.061554462807635, 24.240793357425481 ], [ 119.059928886386558, 24.237756157416911 ], [ 119.05568006217851, 24.230963154947517 ], [ 119.052859140577937, 24.22465387192819 ], [ 119.051440540267663, 24.217258545720497 ], [ 119.050459147921856, 24.213956230244108 ], [ 119.047373110853414, 24.206584159779204 ], [ 119.045282419576438, 24.199702785487197 ], [ 119.038349882650323, 24.196437679199285 ], [ 119.037335932264625, 24.195419077665008 ], [ 119.03716383976797, 24.193546990370294 ], [ 119.033798733786, 24.193026061731771 ], [ 119.032540598101036, 24.193486525439042 ], [ 119.029770839134528, 24.19011444273427 ], [ 119.026970847702444, 24.191409787607761 ], [ 119.025994106505209, 24.192372575359322 ], [ 119.023817368979905, 24.192298156982396 ], [ 119.021347609095471, 24.190240023745353 ], [ 119.020631332217476, 24.187758635989496 ], [ 119.019291801432701, 24.187181893568265 ], [ 119.018154595610213, 24.187742356969537 ], [ 119.016826692696782, 24.18683538300067 ], [ 119.014547629903234, 24.187019103368726 ], [ 119.014215072781326, 24.187719101226747 ], [ 119.012022056236049, 24.18739119525339 ], [ 119.011724382728346, 24.189977233851799 ], [ 119.008068579961503, 24.1934911765876 ], [ 119.005266262955161, 24.193449316250572 ], [ 119.004149987301162, 24.192856294809388 ], [ 119.002824409962045, 24.195874890223728 ], [ 119.00062906784251, 24.196626050715892 ], [ 118.999315118374795, 24.196193493899969 ], [ 118.997443031080081, 24.196840003549575 ], [ 118.997245357266365, 24.197621396507365 ], [ 118.993870948987308, 24.198079534640357 ], [ 118.991445375014166, 24.196740003855567 ], [ 118.989812821870203, 24.196702794667104 ], [ 118.986768645138795, 24.198139999571616 ], [ 118.986043065963713, 24.199556274307618 ], [ 118.986182600420477, 24.201237664511439 ], [ 118.983473306385235, 24.202786496981361 ], [ 118.982054706074962, 24.204579514750584 ], [ 118.980547733942103, 24.204656258701789 ], [ 118.97985006165834, 24.206270207251514 ], [ 118.980294246345636, 24.207505087193752 ], [ 118.977640766093145, 24.208267875557311 ], [ 118.978445414793725, 24.209753917521688 ], [ 118.976968675126443, 24.210679496084786 ], [ 118.97460124051031, 24.211314377862998 ], [ 118.971298925033921, 24.21173298123324 ], [ 118.965678012001206, 24.211693446470491 ], [ 118.960061750117063, 24.210763216758835 ], [ 118.959136171553951, 24.210081823495045 ], [ 118.955708275066513, 24.211728330084682 ], [ 118.956308273230491, 24.213316697317346 ], [ 118.957368735101795, 24.213800416767398 ], [ 118.957052456999861, 24.215419016465688 ], [ 118.955371066796033, 24.21629343239465 ], [ 118.954810603394719, 24.217716683853489 ], [ 118.955447810747216, 24.218472495494211 ], [ 118.950550151315326, 24.221681787999437 ], [ 118.949066434925271, 24.223095737161159 ], [ 118.943896683302683, 24.225051545129915 ], [ 118.94537109739565, 24.228128279901235 ], [ 118.944359472584267, 24.230072459998603 ], [ 118.94233389738713, 24.231865477767826 ], [ 118.935733917582866, 24.235244537195427 ], [ 118.933599040394654, 24.237107322193033 ], [ 118.930050214044627, 24.23885615405095 ], [ 118.929343239463776, 24.24052359080909 ], [ 118.921780471907994, 24.244846833394035 ], [ 118.919738617690882, 24.245809621145604 ], [ 118.919815361642122, 24.247151477504673 ], [ 118.917201416152352, 24.249260773375852 ], [ 118.914852586130394, 24.250725885171718 ], [ 118.915268863926372, 24.252514251792391 ], [ 118.914978167141498, 24.254123549193551 ], [ 118.915959559487248, 24.255200290084801 ], [ 118.917847925801993, 24.25477936114028 ], [ 118.921145590129811, 24.255770055783195 ], [ 118.921136287832667, 24.257490980749758 ], [ 118.920066523664275, 24.258418884887142 ], [ 118.921389775429077, 24.260030507862588 ], [ 118.922694422599704, 24.260574692243914 ], [ 118.926533945734548, 24.261307248141847 ], [ 118.932029277756214, 24.26162352624381 ], [ 118.934940896753687, 24.262200268665033 ], [ 118.938152514833234, 24.262437477241512 ], [ 118.944538541803752, 24.264258401902083 ], [ 118.947233882393277, 24.270286290433631 ], [ 118.95150828791833, 24.274946741289057 ], [ 118.95594548364295, 24.281962998889249 ], [ 118.958143151336742, 24.284179271177273 ], [ 118.96205476727431, 24.289235069660144 ], [ 118.96400127294595, 24.293700172276104 ], [ 118.966731497149624, 24.298155972594955 ], [ 118.969087303894412, 24.302446657139981 ], [ 118.970791949841043, 24.30472571993355 ], [ 118.972545432847539, 24.30992570402173 ], [ 118.972373340350885, 24.31071407370235 ], [ 118.97271519976988, 24.31626987065524 ], [ 118.971736132998387, 24.324034963173318 ], [ 118.970752415078266, 24.327867509585353 ], [ 118.968598933295823, 24.331830288157022 ], [ 118.967889633140658, 24.333693073154613 ], [ 118.964350109087775, 24.339639566586406 ], [ 118.962196627305332, 24.341413979761391 ], [ 118.957398967567428, 24.34597210534853 ], [ 118.955319904161854, 24.350662788669567 ], [ 118.956103622693945, 24.356886025440566 ], [ 118.956178041070871, 24.361265081808206 ], [ 118.954845487008924, 24.365451115510673 ], [ 118.95340130538159, 24.367662736650139 ], [ 118.946401326801322, 24.376855731775613 ], [ 118.945115284224983, 24.378976655518194 ], [ 118.939403673795368, 24.382337110351564 ], [ 118.938654838877483, 24.383511525362536 ], [ 118.940319950061337, 24.385299891983209 ], [ 118.936738565671476, 24.38934406565464 ], [ 118.933617644988828, 24.394441724474532 ], [ 118.933087414053205, 24.399669615454066 ], [ 118.93439438679809, 24.403918439662064 ], [ 118.939531580380731, 24.415750961594377 ], [ 118.941708317905977, 24.420378854409876 ], [ 118.943526916992312, 24.422095128227895 ], [ 118.947054813173793, 24.426369533752968 ], [ 118.948775738140341, 24.429546268218289 ], [ 118.952966422991381, 24.432855560417515 ], [ 118.957615245975433, 24.434081138062616 ], [ 118.96023849376229, 24.435897411574636 ], [ 118.965154757788412, 24.438299729804996 ], [ 118.972231480319806, 24.440727629352423 ], [ 118.978922157520913, 24.442374135942067 ], [ 118.983070982034917, 24.443160180048416 ], [ 118.988636081284994, 24.443462504704705 ], [ 118.989998867812574, 24.443722969023973 ], [ 118.995594199528171, 24.442578786478627 ], [ 119.001956970755884, 24.439346238230613 ], [ 119.007903464187677, 24.437074152159887 ], [ 119.013082518107353, 24.433185791965151 ], [ 119.018131339867409, 24.428790456577559 ], [ 119.02133598122407, 24.42493000327417 ], [ 119.022129002053248, 24.424413725784198 ], [ 119.025198760101716, 24.419767228374461 ], [ 119.026861545711313, 24.415981193448005 ], [ 119.028424331626923, 24.41354631717774 ], [ 119.032928969005582, 24.40994632819362 ], [ 119.035894076211548, 24.406478896943412 ], [ 119.0385731377811, 24.404253322358258 ], [ 119.046080091554188, 24.399432406877587 ], [ 119.05005449799728, 24.397244041480917 ], [ 119.055628899544388, 24.394809165210646 ], [ 119.061959112732211, 24.393316146523425 ], [ 119.064500965419313, 24.393955679450194 ], [ 119.067217236177385, 24.394030097827127 ], [ 119.0715288508909, 24.393464983277298 ], [ 119.07379861138736, 24.392758008696433 ], [ 119.076907904198606, 24.390525457388449 ], [ 119.082959048472901, 24.387071979583915 ], [ 119.092135764578416, 24.386046401326816 ], [ 119.097375283429415, 24.38558128647098 ], [ 119.104105495393242, 24.385881285552991 ], [ 119.109435711641027, 24.387209188466386 ], [ 119.112456632629687, 24.387111514346657 ], [ 119.116012435702487, 24.389364995823158 ], [ 119.123596133426759, 24.396220788798082 ], [ 119.127737981217933, 24.400260311320963 ], [ 119.13298912794022, 24.40428588039817 ], [ 119.140633290595815, 24.411030045807699 ], [ 119.149519309916457, 24.41820444245888 ], [ 119.149528612213544, 24.418764905860151 ], [ 119.152091395069192, 24.42428581919885 ], [ 119.153405344536907, 24.432632305286717 ], [ 119.157933237658426, 24.43402997542848 ], [ 119.162886710873011, 24.434913693654558 ], [ 119.16497740214993, 24.438085776971313 ], [ 119.164540194185463, 24.441515999033058 ], [ 119.163758801227686, 24.442648553707002 ], [ 119.162670432465006, 24.451253178539858 ], [ 119.16195880673564, 24.453004335972054 ], [ 119.160400671968603, 24.4592554796344 ], [ 119.161107646549453, 24.471820557464646 ], [ 119.162058806429627, 24.47337869223167 ], [ 119.165175075963646, 24.475074035881171 ], [ 119.167719254225062, 24.475881010156037 ], [ 119.17173086985656, 24.475994963295719 ], [ 119.174528535714387, 24.4771344946925 ], [ 119.179698287336976, 24.479980997610177 ], [ 119.182665720117143, 24.483811218447933 ], [ 119.184058739110355, 24.485980979250378 ], [ 119.185005247841957, 24.490739104225511 ], [ 119.190881974045396, 24.498453034109446 ], [ 119.192633131477578, 24.499832099656984 ], [ 119.19698428095387, 24.501736744991611 ], [ 119.199998225219645, 24.504669294157615 ], [ 119.198861019397157, 24.510464625261257 ], [ 119.197409861046935, 24.512169271207867 ], [ 119.194214521987419, 24.512999501225522 ], [ 119.190137790276026, 24.512832059877425 ], [ 119.190291278178449, 24.514569263863947 ], [ 119.192884293499731, 24.518350647641846 ], [ 119.196733118931718, 24.519587853158356 ], [ 119.198335439610048, 24.519508783632865 ], [ 119.203191238704903, 24.518278554839192 ], [ 119.204342397973107, 24.517083209659702 ], [ 119.206984250354196, 24.516315770147592 ], [ 119.209574940101163, 24.51627856095913 ], [ 119.211251679156419, 24.516871582400306 ], [ 119.213753997080801, 24.518913436617403 ], [ 119.216044687745807, 24.522922726674651 ], [ 119.215356317759131, 24.526132019179876 ], [ 119.212700511932326, 24.525887833880567 ], [ 119.211481911010083, 24.526859923929251 ], [ 119.212007490797134, 24.528815731898014 ], [ 119.213719113466595, 24.531373863605076 ], [ 119.215219108876681, 24.53258781337879 ], [ 119.219777234463834, 24.532018047680396 ], [ 119.222326063873709, 24.529455264824776 ], [ 119.224519080418986, 24.527741316581043 ], [ 119.223467920844826, 24.524050630200044 ], [ 119.226923724223639, 24.522262263579371 ], [ 119.228751625607003, 24.521987845814429 ], [ 119.228858602023877, 24.521134360053985 ], [ 119.231835337101188, 24.518822739220511 ] ] ] ] } },
{ "type": "Feature", "properties": { "COUNTYID": "X", "COUNTYCODE": "10016", "COUNTYNAME": "澎湖縣", "COUNTYENG": "Penghu County", "layout": "inset", "is_inset": true, "inset_scale": 1.1617064856850234, "inset_label": "澎湖縣", "include_waisanding": null }, "geometry": { "type": "MultiPolygon", "coordinates": [ [ [ [ 118.932791794683652, 23.046838171229425 ], [ 118.933190260008246, 23.0472621940967 ], [ 118.933609636049596, 23.046502438055064 ], [ 118.932004157686379, 23.043462252182024 ], [ 118.931524372907774, 23.042991761055323 ], [ 118.930015316182875, 23.041946225218204 ], [ 118.929378701028725, 23.041339814432678 ], [ 118.928822243622079, 23.040462726035987 ], [ 118.928320386420268, 23.038646978798859 ], [ 118.928348267375924, 23.036655813882394 ], [ 118.928584093792523, 23.035984347533667 ], [ 118.927819690924935, 23.034295226303485 ], [ 118.927849895293548, 23.033820088350836 ], [ 118.928690970789205, 23.033526176609961 ], [ 118.927449106555997, 23.032738539612666 ], [ 118.926900781094758, 23.031769676403606 ], [ 118.9273515232112, 23.030527812170405 ], [ 118.926986747374684, 23.030164198040389 ], [ 118.927986976658872, 23.029672796196941 ], [ 118.928348267375924, 23.028993197902818 ], [ 118.927966065942115, 23.028621451827398 ], [ 118.927763929013622, 23.025863560630381 ], [ 118.927726754406081, 23.02409776677214 ], [ 118.927267880344232, 23.023994374894915 ], [ 118.926412864370775, 23.024703015851181 ], [ 118.924389171672715, 23.025149111141687 ], [ 118.923739777747215, 23.024691398786324 ], [ 118.923213524709183, 23.025434890937163 ], [ 118.921667293376743, 23.025020161721773 ], [ 118.920670549212019, 23.025410495100964 ], [ 118.920286024365282, 23.025844973326613 ], [ 118.919367114535078, 23.025603338377589 ], [ 118.918240259243987, 23.023709756805925 ], [ 118.917236544840335, 23.022941868818886 ], [ 118.916490729276518, 23.022579416395349 ], [ 118.915619449412276, 23.023069656532311 ], [ 118.915317405726, 23.022616591002894 ], [ 118.915942403815279, 23.022161202060502 ], [ 118.916292077467489, 23.021200470796845 ], [ 118.915214013848754, 23.020547591751885 ], [ 118.914361321288254, 23.020524357622175 ], [ 118.912470063129575, 23.019723941853535 ], [ 118.912059980740111, 23.01827994069183 ], [ 118.912353892481008, 23.017515537824249 ], [ 118.911978661286128, 23.017092676663463 ], [ 118.91171030708793, 23.016066889836601 ], [ 118.912048363675268, 23.015445376866758 ], [ 118.912903379648725, 23.014957460142774 ], [ 118.913589948181766, 23.013570382598864 ], [ 118.914575075281647, 23.013263692086642 ], [ 118.914364806407718, 23.012519038229318 ], [ 118.914792314394447, 23.011860350651936 ], [ 118.914087158557635, 23.010678895155994 ], [ 118.913530701150989, 23.008508827440735 ], [ 118.912908026474668, 23.008 ], [ 118.911806728726248, 23.008492563549936 ], [ 118.912241206951904, 23.009200042799719 ], [ 118.9117288943917, 23.010164259182833 ], [ 118.910013053912337, 23.011500221641374 ], [ 118.908028859234804, 23.012531817000664 ], [ 118.907546751043242, 23.012595710857376 ], [ 118.905444062304156, 23.013904954066742 ], [ 118.904418275477298, 23.013619174271263 ], [ 118.903898992678194, 23.012733953929168 ], [ 118.902848810015143, 23.013505327035663 ], [ 118.903271671175901, 23.014538084101439 ], [ 118.90308115131225, 23.015134039528597 ], [ 118.900842542914347, 23.015344308402504 ], [ 118.900239617248275, 23.015991378915032 ], [ 118.898709649806648, 23.01594258724263 ], [ 118.898710811513126, 23.016262056526198 ], [ 118.900149004142406, 23.01634221427371 ], [ 118.900736827624172, 23.015894957276718 ], [ 118.902093700799441, 23.015741612020609 ], [ 118.903005640390688, 23.015889148744289 ], [ 118.903143883462491, 23.019046666972383 ], [ 118.901532596566852, 23.019014139190784 ], [ 118.899655278885973, 23.018326408951257 ], [ 118.898616713287794, 23.018213723422143 ], [ 118.897327219088652, 23.017241375093629 ], [ 118.896793995811748, 23.016576878983816 ], [ 118.897978936427137, 23.015899604102664 ], [ 118.8978116506932, 23.015585943351528 ], [ 118.896725455129086, 23.015940263829663 ], [ 118.89616318919002, 23.016366610109909 ], [ 118.897270295470889, 23.017643325537676 ], [ 118.898524938475418, 23.018468137142509 ], [ 118.899403188578589, 23.018631937756993 ], [ 118.900010761070604, 23.020416318919004 ], [ 118.901333944757795, 23.021083138441789 ], [ 118.90203677718165, 23.022881460081628 ], [ 118.901749835679681, 23.023456504792044 ], [ 118.901732410082388, 23.024234848137453 ], [ 118.901296770150253, 23.024498555509702 ], [ 118.901651090628405, 23.025433729230677 ], [ 118.902102994451326, 23.025951850323292 ], [ 118.901847419024477, 23.027463230461173 ], [ 118.900816985371677, 23.028447195854547 ], [ 118.900390639091427, 23.029274330872354 ], [ 118.899749377111334, 23.029341709848524 ], [ 118.899519359227156, 23.03003757203345 ], [ 118.897017043456998, 23.030662570122747 ], [ 118.89607373779063, 23.032883752923379 ], [ 118.896285168371008, 23.033192766848572 ], [ 118.895981962978254, 23.033967625074521 ], [ 118.895030525366479, 23.03391418657618 ], [ 118.894735451919104, 23.034701823573474 ], [ 118.893514498402652, 23.0358356491035 ], [ 118.892767521132356, 23.035714831628994 ], [ 118.891975237309111, 23.036366548967461 ], [ 118.892455022087717, 23.036751073814219 ], [ 118.892133229391163, 23.037292429036555 ], [ 118.89116785130156, 23.037319148285722 ], [ 118.889507772733509, 23.039457849925867 ], [ 118.890050289662327, 23.03982146405589 ], [ 118.88960187095887, 23.040348878800387 ], [ 118.888946668500949, 23.042355145901169 ], [ 118.889642530685876, 23.042129774842945 ], [ 118.889750569389037, 23.043020803717464 ], [ 118.890376729184823, 23.042604912795586 ], [ 118.891311902905784, 23.042327264945513 ], [ 118.891479188639721, 23.041864905764207 ], [ 118.891235230277744, 23.040977362009144 ], [ 118.891469894987864, 23.040488283578672 ], [ 118.892235459561931, 23.040070069243825 ], [ 118.892963849528428, 23.040143256752426 ], [ 118.894421791167957, 23.041449014842332 ], [ 118.894720349734797, 23.041322388835393 ], [ 118.895494046254271, 23.043027773956378 ], [ 118.895003806117302, 23.043717827608873 ], [ 118.896390883661212, 23.04371434248942 ], [ 118.897172712126093, 23.044076794912954 ], [ 118.897967319362266, 23.043794500236931 ], [ 118.898447104140871, 23.04424175723392 ], [ 118.899130187554448, 23.044239433820948 ], [ 118.899973586463062, 23.043873496277953 ], [ 118.900804206600327, 23.043852585561215 ], [ 118.901424557863692, 23.044227816756091 ], [ 118.902417816908951, 23.044333532046288 ], [ 118.902523532199126, 23.044747099555192 ], [ 118.904863209061318, 23.045354672047207 ], [ 118.905469619846855, 23.045664847678882 ], [ 118.90855975909875, 23.045908806040877 ], [ 118.909313706607946, 23.046102811023985 ], [ 118.910114122376598, 23.045786826859882 ], [ 118.911412910227597, 23.046136500512073 ], [ 118.912300453982652, 23.046811451980254 ], [ 118.916067868115732, 23.04743761177604 ], [ 118.918720044022564, 23.047417862765784 ], [ 118.919843414194219, 23.047522416349494 ], [ 118.924298558566818, 23.048472692254784 ], [ 118.925421928738473, 23.048366976964587 ], [ 118.926542975497142, 23.048342581128384 ], [ 118.927914950856746, 23.047940630684337 ], [ 118.931812476116221, 23.04760954433592 ], [ 118.932791794683652, 23.046838171229425 ] ] ], [ [ [ 119.019703703703698, 23.095728588679478 ], [ 119.018859143088605, 23.094739976460161 ], [ 119.018085446569131, 23.094369392091231 ], [ 119.016788982131118, 23.094206753183233 ], [ 119.016031549502458, 23.093325017960598 ], [ 119.016205805475295, 23.09240146130448 ], [ 119.015433270662328, 23.092445606150935 ], [ 119.014969749774536, 23.091847327310806 ], [ 119.015054554347984, 23.091228137753937 ], [ 119.014453952094897, 23.090578743828438 ], [ 119.013494382537715, 23.090152397548191 ], [ 119.01301343605266, 23.089293896455271 ], [ 119.013169104721726, 23.087284144235035 ], [ 119.012441876461679, 23.087313186897177 ], [ 119.011941180966346, 23.087894040140018 ], [ 119.011132633252316, 23.088273918160841 ], [ 119.009752525947334, 23.088572476727659 ], [ 119.008666330383221, 23.088313416181354 ], [ 119.007720701303867, 23.087766252426594 ], [ 119.007335014750623, 23.088132189969585 ], [ 119.005878234817544, 23.088335488604578 ], [ 119.004742085874568, 23.089498356796753 ], [ 119.004994176181953, 23.089697008605803 ], [ 119.006066431268238, 23.088487672154201 ], [ 119.007264150654976, 23.088370339799152 ], [ 119.007627764785013, 23.089853838981369 ], [ 119.007060852019976, 23.089856162394344 ], [ 119.006513688265244, 23.08918121092616 ], [ 119.005976979868848, 23.089586646489664 ], [ 119.006617080142462, 23.090140780483335 ], [ 119.007800859051372, 23.090079210039594 ], [ 119.008942816526798, 23.09038473884533 ], [ 119.009299460417907, 23.091194448265849 ], [ 119.010514605401937, 23.092978829427864 ], [ 119.01090726219411, 23.095054798917783 ], [ 119.010355451613378, 23.095825010317792 ], [ 119.011292948747354, 23.096705583833941 ], [ 119.012565017349175, 23.097639595848431 ], [ 119.015753901652374, 23.09948090062824 ], [ 119.016605432506367, 23.09947276868284 ], [ 119.017111936534121, 23.09867699974015 ], [ 119.017911190596294, 23.098656089023407 ], [ 119.018690695648189, 23.09827040247016 ], [ 119.019463230461156, 23.098341266565782 ], [ 119.019811742406858, 23.096907720762449 ], [ 119.019703703703698, 23.095728588679478 ] ] ], [ [ [ 119.00684709802664, 23.105786643432541 ], [ 119.006744867855872, 23.104923495513678 ], [ 119.00697488574005, 23.104156769233125 ], [ 119.00663102062029, 23.103408630256343 ], [ 119.006761131746686, 23.101613793735957 ], [ 119.002516256247986, 23.10207150609132 ], [ 118.999893123003318, 23.102845202610784 ], [ 118.999464453310111, 23.103187906024061 ], [ 118.998429372831339, 23.104751562953798 ], [ 118.998001864844611, 23.105660017425599 ], [ 118.998219103957439, 23.106721817153517 ], [ 118.997814830100424, 23.107855642683546 ], [ 119.000224209351728, 23.108105409577966 ], [ 119.000992097338781, 23.107916051420801 ], [ 119.001004876110102, 23.108611913605724 ], [ 119.00230947249355, 23.107770838110092 ], [ 119.004448174133699, 23.108022928417483 ], [ 119.005121963895391, 23.108322648690791 ], [ 119.006146589015742, 23.106614940156835 ], [ 119.00684709802664, 23.105786643432541 ] ] ], [ [ [ 119.040580730957942, 23.224043716849334 ], [ 119.041458981061112, 23.224069274392015 ], [ 119.041503125907582, 23.223520948930776 ], [ 119.042138579355253, 23.221903853502702 ], [ 119.042843735192065, 23.221040705583839 ], [ 119.042950612188747, 23.219744241145815 ], [ 119.042239647819514, 23.218365295547304 ], [ 119.042392993075623, 23.218102749881542 ], [ 119.043516363247278, 23.217918038550319 ], [ 119.044206416899755, 23.217306980938847 ], [ 119.044918542975495, 23.216158053224504 ], [ 119.044987083658157, 23.215261215817552 ], [ 119.042243132938978, 23.215401782302322 ], [ 119.041535653689181, 23.215739838889657 ], [ 119.040808425429134, 23.21674122988032 ], [ 119.03986860488223, 23.216663395545776 ], [ 119.038969444062303, 23.216116231791016 ], [ 119.037427859555777, 23.215864141483625 ], [ 119.033907888904167, 23.216728451108974 ], [ 119.032683450268252, 23.217579981962984 ], [ 119.031356781461596, 23.217313951177761 ], [ 119.030940890539739, 23.216468228856183 ], [ 119.030461105761134, 23.216141789333705 ], [ 119.029027559957825, 23.215910609743055 ], [ 119.028106326714664, 23.215004478684218 ], [ 119.026617019000014, 23.214773299093569 ], [ 119.026196481252185, 23.214098347625384 ], [ 119.025526176609958, 23.213756805918592 ], [ 119.025379801592749, 23.21265318475719 ], [ 119.024814050534218, 23.213019122300185 ], [ 119.024173950260604, 23.212746121276048 ], [ 119.023841702205715, 23.211593708442248 ], [ 119.024077528622314, 23.210685253970443 ], [ 119.024960425551427, 23.209887161614777 ], [ 119.024979012855198, 23.209025175402395 ], [ 119.02452594732577, 23.208763791443118 ], [ 119.024646764800309, 23.207977316152306 ], [ 119.024038030601787, 23.207485914308865 ], [ 119.02382660002138, 23.206780758472053 ], [ 119.023274789440705, 23.206292841748066 ], [ 119.022064291282618, 23.20633117806209 ], [ 119.021729719814743, 23.206953852738419 ], [ 119.022542914354716, 23.207779826049745 ], [ 119.022765961999966, 23.208793995811746 ], [ 119.022362849849429, 23.209809327280233 ], [ 119.021492731691637, 23.210326286666362 ], [ 119.020018526161323, 23.210795616086578 ], [ 119.018801057764335, 23.210886229192464 ], [ 119.018689533941711, 23.210170617997282 ], [ 119.018112165818309, 23.209338836153531 ], [ 119.017727640971572, 23.209575824276609 ], [ 119.017889118173059, 23.210936182571348 ], [ 119.018838232371849, 23.212097889057034 ], [ 119.018188838446378, 23.212928509194299 ], [ 119.017178153803826, 23.213530273153882 ], [ 119.0166855902539, 23.213174790969266 ], [ 119.015663288546477, 23.214156432949665 ], [ 119.015714403631875, 23.214901086806993 ], [ 119.016424206294602, 23.216050014521336 ], [ 119.016678620014972, 23.217247733908074 ], [ 119.017397716329612, 23.217678727014263 ], [ 119.018637257149834, 23.217645037526182 ], [ 119.019545711621646, 23.217159444215163 ], [ 119.020468106571286, 23.216396203054071 ], [ 119.021327769370686, 23.216333470903841 ], [ 119.02342464957735, 23.217162929334624 ], [ 119.024008987939652, 23.217611348038094 ], [ 119.024827991012046, 23.21865223704927 ], [ 119.025757356200614, 23.219082068448973 ], [ 119.026177893948415, 23.219597866128616 ], [ 119.025199737087462, 23.222262820806776 ], [ 119.025297320432259, 23.223502361627006 ], [ 119.026476452515254, 23.224358539306952 ], [ 119.027183931765023, 23.224144785313587 ], [ 119.027810091560809, 23.223577872548574 ], [ 119.027991317772575, 23.223048134391103 ], [ 119.029423701869433, 23.223103896302415 ], [ 119.02993485272313, 23.223547668179943 ], [ 119.03013815135813, 23.224226104767585 ], [ 119.029890707876689, 23.225499335075895 ], [ 119.030479693064905, 23.225551611867751 ], [ 119.031039635591014, 23.224456122651752 ], [ 119.031736659482419, 23.224328334938328 ], [ 119.032146741871884, 23.223820669204081 ], [ 119.03353033429633, 23.224558352822491 ], [ 119.03457354672048, 23.224805796303944 ], [ 119.035887436755786, 23.225355283471671 ], [ 119.036270799896045, 23.225796731936232 ], [ 119.035763134161812, 23.226813225111204 ], [ 119.035824704605545, 23.227303465248166 ], [ 119.037009645220934, 23.227506763883159 ], [ 119.037427859555777, 23.226592500878926 ], [ 119.037734550068024, 23.225969826202597 ], [ 119.039860472936823, 23.22484877944391 ], [ 119.040907170480438, 23.224703566133201 ], [ 119.040580730957942, 23.224043716849334 ] ] ], [ [ [ 118.988293483743746, 23.250125189159448 ], [ 118.988727961969403, 23.249553629568489 ], [ 118.990347380810448, 23.249365433117809 ], [ 118.990894544565208, 23.249106372571504 ], [ 118.99100142156189, 23.248259488543436 ], [ 118.991556717262029, 23.247662371409795 ], [ 118.991863407774247, 23.246716742330449 ], [ 118.99134528668165, 23.245981382125009 ], [ 118.991189618012555, 23.245012518915946 ], [ 118.991628743064155, 23.244627994069187 ], [ 118.992366426682565, 23.244515308540073 ], [ 118.992983292826466, 23.244124975160883 ], [ 118.994240259243981, 23.243927485058315 ], [ 118.995177756377927, 23.243438406627842 ], [ 118.996010699928149, 23.243365219119244 ], [ 118.996514880542946, 23.243767169563291 ], [ 118.997114321089555, 23.244754620076122 ], [ 118.996574127573723, 23.245883798780209 ], [ 118.997017899451237, 23.246433285947941 ], [ 118.998427049418382, 23.246195136118377 ], [ 118.998970728053678, 23.246400758166338 ], [ 118.999083413582781, 23.247008330658353 ], [ 118.998812735971626, 23.247801776188076 ], [ 118.999213524709177, 23.248161905198639 ], [ 118.998674492899823, 23.248817107656567 ], [ 118.998792986961377, 23.249505999602576 ], [ 118.999309946347495, 23.249809204995341 ], [ 119.000351997065167, 23.249912596872569 ], [ 119.000570397884474, 23.249178398373616 ], [ 119.001311566622348, 23.24905525748613 ], [ 119.000997905871202, 23.24833732287798 ], [ 119.000428669693207, 23.248156096666211 ], [ 119.0008526925605, 23.247409119395915 ], [ 119.001773925803633, 23.247605447791994 ], [ 119.001586891059446, 23.246932819736784 ], [ 119.002174714541212, 23.246390302807971 ], [ 119.002523226486886, 23.246748108405562 ], [ 119.003274850583125, 23.24552366976965 ], [ 119.003378242460371, 23.244744164717755 ], [ 119.002623133244668, 23.242829672429345 ], [ 119.002434936794003, 23.241765549288459 ], [ 119.002479081640445, 23.240824567035052 ], [ 119.002814814814826, 23.239503706760829 ], [ 119.002770669968356, 23.238867091606675 ], [ 119.002189816725519, 23.238236284984946 ], [ 119.002065514131544, 23.237639167851306 ], [ 119.002294370309215, 23.236885220342092 ], [ 119.001936564711627, 23.236650555631986 ], [ 119.002446553858846, 23.235345959248562 ], [ 119.003394506351185, 23.235751394812066 ], [ 119.003876614542719, 23.235519053514931 ], [ 119.004054355635049, 23.234834808394861 ], [ 119.003933538160538, 23.233279283410532 ], [ 119.004558536249846, 23.23137873159995 ], [ 119.003773222665501, 23.229312055761916 ], [ 119.004039253450713, 23.228563916785134 ], [ 119.005003469833838, 23.228005135965518 ], [ 119.005944452087249, 23.227872701426151 ], [ 119.00693654942603, 23.228223536784828 ], [ 119.007806667583793, 23.227851790709408 ], [ 119.00815866464896, 23.22889384142707 ], [ 119.009198391953646, 23.229454945659654 ], [ 119.009548065605856, 23.228983292826467 ], [ 119.008790632977167, 23.228563916785134 ], [ 119.008335244034782, 23.227891288729925 ], [ 119.008136592225725, 23.227010715213773 ], [ 119.007369865945179, 23.226263737943476 ], [ 119.006557833111685, 23.22659133917244 ], [ 119.006002537411518, 23.226264899649966 ], [ 119.005420522462202, 23.224832515553111 ], [ 119.004328518365639, 23.224518854801975 ], [ 119.003645434952091, 23.223424527292462 ], [ 119.004216994543015, 23.222334846608888 ], [ 119.005283441096879, 23.221589031045081 ], [ 119.005788783418183, 23.221529784014312 ], [ 119.006169823145484, 23.222220999373295 ], [ 119.006949328197351, 23.222577643264398 ], [ 119.007476742941861, 23.222251203741919 ], [ 119.008801088335531, 23.221944513229701 ], [ 119.009563167790162, 23.221994466608585 ], [ 119.010473945674931, 23.22255557084117 ], [ 119.009729291817592, 23.223694043197142 ], [ 119.010227663899968, 23.224442182173924 ], [ 119.010715580623952, 23.224301615689157 ], [ 119.010634261169969, 23.225544641628836 ], [ 119.011017624310227, 23.226851561425232 ], [ 119.012380306017945, 23.226160346066251 ], [ 119.012547591751883, 23.225459837055382 ], [ 119.013364271411319, 23.225163601901535 ], [ 119.013296892435136, 23.223933354733191 ], [ 119.011820363491836, 23.223112028247815 ], [ 119.011203497347935, 23.221558826676453 ], [ 119.011963253389581, 23.221596001283991 ], [ 119.012653307042086, 23.221205667904805 ], [ 119.012295501444498, 23.219845309610069 ], [ 119.013001818987789, 23.219041408721974 ], [ 119.012996010455367, 23.218595313431472 ], [ 119.011137280078259, 23.217827425444433 ], [ 119.01052622246678, 23.217890157594656 ], [ 119.01021372342214, 23.21724889561456 ], [ 119.008817352226345, 23.21719778052919 ], [ 119.008275997004006, 23.216810932269457 ], [ 119.00773812690116, 23.215974503599767 ], [ 119.007386129835993, 23.215880405374424 ], [ 119.006183763623284, 23.216915485853168 ], [ 119.00536476055089, 23.216784213020286 ], [ 119.002944925941222, 23.21489643998105 ], [ 119.003021598569262, 23.21396242796656 ], [ 119.004053193928542, 23.213602298955994 ], [ 119.004401705874272, 23.213102765167154 ], [ 119.003367787102007, 23.212995888170468 ], [ 119.003363140276065, 23.210966386939976 ], [ 119.003809235566564, 23.210114856085969 ], [ 119.00351300041271, 23.20865226762049 ], [ 119.003731401232017, 23.207720579018972 ], [ 119.004717690038376, 23.205912963727247 ], [ 119.005279955977443, 23.205169471576408 ], [ 119.006878464101732, 23.2038311857049 ], [ 119.00764286696932, 23.203530303725106 ], [ 119.00911939591262, 23.202452240106393 ], [ 119.010030173797389, 23.202070038672602 ], [ 119.009973250179598, 23.201558887818898 ], [ 119.009282034820615, 23.200742208159461 ], [ 119.008113358096011, 23.201239418535337 ], [ 119.007882178505383, 23.201714556487978 ], [ 119.006670518640817, 23.201888812460833 ], [ 119.005592455022082, 23.202388346249677 ], [ 119.004320386420261, 23.202332584338365 ], [ 119.003660537136398, 23.202546338331732 ], [ 119.002642882254946, 23.202399963314537 ], [ 119.00245003897831, 23.201790067409547 ], [ 119.001555524984326, 23.201877195395976 ], [ 119.001267421775879, 23.202877424680153 ], [ 119.000525091331525, 23.20367435532933 ], [ 118.999737454334223, 23.204127420858747 ], [ 118.99809712477645, 23.204494520108227 ], [ 118.997145687164675, 23.204516592531451 ], [ 118.996087372556218, 23.204218033964633 ], [ 118.993355038901882, 23.202813530823441 ], [ 118.991367359104856, 23.203265434646372 ], [ 118.990486785588729, 23.20326775805934 ], [ 118.987575549135585, 23.202517295669587 ], [ 118.986466119441786, 23.202379052597795 ], [ 118.985557664969974, 23.202483606181506 ], [ 118.984628299781434, 23.202253588297339 ], [ 118.983869705446267, 23.201626266795067 ], [ 118.983161064489991, 23.201489185429757 ], [ 118.982725424557856, 23.202324452392965 ], [ 118.981435930358742, 23.203149263997801 ], [ 118.979939652405193, 23.203309579492828 ], [ 118.979469161278502, 23.204238944681375 ], [ 118.978834869537309, 23.204708274101591 ], [ 118.978222650219351, 23.204772167958307 ], [ 118.978517723666698, 23.205471515262687 ], [ 118.979948946057078, 23.20694920591248 ], [ 118.981480075205212, 23.20828168325156 ], [ 118.982193362987402, 23.208452454104954 ], [ 118.982555815410961, 23.209005426392139 ], [ 118.981734488925582, 23.209779122911609 ], [ 118.982412925513216, 23.210131119976769 ], [ 118.98251864080342, 23.211163877042544 ], [ 118.983840662784104, 23.21165760229896 ], [ 118.984316962443245, 23.212128093425662 ], [ 118.984967518075223, 23.2133095489216 ], [ 118.986262820806786, 23.214309778205777 ], [ 118.987721924152794, 23.215650387490257 ], [ 118.987831124562433, 23.216758655477602 ], [ 118.987274667155788, 23.217484722031152 ], [ 118.98694822763332, 23.218286299506278 ], [ 118.98682741015881, 23.219421286742794 ], [ 118.986423136301795, 23.220172910839032 ], [ 118.986276761284614, 23.221794653093045 ], [ 118.986872716711758, 23.222507940875257 ], [ 118.987798596780834, 23.223100411182958 ], [ 118.988095993641195, 23.223692881490656 ], [ 118.987911282309966, 23.224787209000173 ], [ 118.987340884425493, 23.225599241833663 ], [ 118.986914538145243, 23.225513275553727 ], [ 118.986552085721712, 23.226915455281947 ], [ 118.984831598416406, 23.227280231118453 ], [ 118.985153391112931, 23.228039987160088 ], [ 118.985787682854124, 23.228197979242143 ], [ 118.986033964629087, 23.228910105317869 ], [ 118.986812307974503, 23.229360847434311 ], [ 118.986895950841472, 23.230380825728744 ], [ 118.984484248177182, 23.231608749484117 ], [ 118.984380856299964, 23.232207028324243 ], [ 118.984650372204641, 23.233443084025012 ], [ 118.985081365310833, 23.234242338087164 ], [ 118.985706363400112, 23.234636156585811 ], [ 118.985005854389243, 23.235128720135741 ], [ 118.985729597529854, 23.235516730101956 ], [ 118.986182663059253, 23.23670399413033 ], [ 118.98738735268492, 23.23777508751013 ], [ 118.988287675211325, 23.238008590513754 ], [ 118.988501429204689, 23.2389704834839 ], [ 118.989003286406501, 23.239312025190692 ], [ 118.988838324085521, 23.240078751471245 ], [ 118.988959141560059, 23.240846639458283 ], [ 118.989311138625226, 23.241120802188902 ], [ 118.989071827089163, 23.241879396524059 ], [ 118.988080891456889, 23.242166338026021 ], [ 118.986717048042664, 23.242768101985604 ], [ 118.986086241420963, 23.243573164580184 ], [ 118.986301157120806, 23.244959080417605 ], [ 118.985827180874651, 23.246744623286105 ], [ 118.984944283945509, 23.247822686904819 ], [ 118.98391965882513, 23.248446523287633 ], [ 118.98322495834671, 23.248469757417347 ], [ 118.982008651656201, 23.250124027452962 ], [ 118.982789318414575, 23.250388896531696 ], [ 118.982763760871876, 23.251067333119337 ], [ 118.983566500053485, 23.252460219195672 ], [ 118.985990981489124, 23.252612402745299 ], [ 118.986418489475852, 23.252884242062951 ], [ 118.987223552070446, 23.252512495987531 ], [ 118.98796007398235, 23.252431176533531 ], [ 118.988368994665336, 23.251852646703661 ], [ 118.988206355757313, 23.250953485883738 ], [ 118.988293483743746, 23.250125189159448 ] ] ], [ [ [ 118.788151205270481, 23.267490377707468 ], [ 118.789663747114844, 23.266057993610616 ], [ 118.789874015988744, 23.266217147399157 ], [ 118.79088237721831, 23.265554974702319 ], [ 118.79101597346417, 23.265219241527952 ], [ 118.790521086501286, 23.264569847602456 ], [ 118.790733678788172, 23.263968083642869 ], [ 118.792803839745631, 23.263746197704105 ], [ 118.793392824933875, 23.264445545008488 ], [ 118.795379343024422, 23.264163250332462 ], [ 118.795838217086242, 23.263584720502593 ], [ 118.796795463230467, 23.262887696611184 ], [ 118.797369346234376, 23.261597040705585 ], [ 118.796804756882352, 23.261064979135142 ], [ 118.795761544458202, 23.260627015790039 ], [ 118.795889332171612, 23.259847510738144 ], [ 118.793742498586084, 23.259393283502241 ], [ 118.793241803090751, 23.258351232784584 ], [ 118.793895843842193, 23.257730881521226 ], [ 118.793893520429208, 23.256870057015334 ], [ 118.793342871555012, 23.256351935922719 ], [ 118.792491340700991, 23.256160254352583 ], [ 118.790851011143218, 23.255279680836431 ], [ 118.789910028889807, 23.254942785955585 ], [ 118.787932804451174, 23.255064765136577 ], [ 118.787455343085554, 23.255359838583946 ], [ 118.78681524281194, 23.254876568685898 ], [ 118.785851026428816, 23.254802219470815 ], [ 118.784567340762152, 23.253584751073817 ], [ 118.783734397211902, 23.253714862200216 ], [ 118.782965347518399, 23.254332890050598 ], [ 118.781169349291503, 23.254803381177304 ], [ 118.78044560615092, 23.254422341449995 ], [ 118.781000901851087, 23.252703015851182 ], [ 118.780660521850791, 23.252383546567618 ], [ 118.78023533727702, 23.254019229299463 ], [ 118.779669586218489, 23.254394460494339 ], [ 118.778813408538554, 23.255629354488622 ], [ 118.779203741917712, 23.255882606502503 ], [ 118.779380321303563, 23.256813133397536 ], [ 118.778661224988923, 23.257040827868728 ], [ 118.778326653521049, 23.258312896470553 ], [ 118.778936549426021, 23.259487381727585 ], [ 118.779563870928285, 23.259420002751416 ], [ 118.779896118983203, 23.260765258861838 ], [ 118.780352669632066, 23.261064979135142 ], [ 118.781486495162085, 23.260801271762894 ], [ 118.782029012090902, 23.261263630944196 ], [ 118.781570138029082, 23.262937649990068 ], [ 118.782571529019719, 23.263109582549951 ], [ 118.783140765197714, 23.263936717567759 ], [ 118.78307338622156, 23.264582626373798 ], [ 118.783454425948833, 23.264927653200047 ], [ 118.783123339600451, 23.265567753473658 ], [ 118.783531098576901, 23.265811711835653 ], [ 118.783584537075257, 23.26658424664863 ], [ 118.783289463627881, 23.267801715045632 ], [ 118.78391330001071, 23.269458308494215 ], [ 118.785021567998029, 23.269508261873103 ], [ 118.785630302196552, 23.268539398664039 ], [ 118.786561990798077, 23.268894880848663 ], [ 118.787758548478308, 23.267449717980469 ], [ 118.788151205270481, 23.267490377707468 ] ] ], [ [ [ 119.041967808501852, 23.36409556564406 ], [ 119.040440164473182, 23.36409556564406 ], [ 119.038978737714189, 23.363693615200013 ], [ 119.036886504333467, 23.362765411717955 ], [ 119.033781262897236, 23.36079051069229 ], [ 119.032549854022392, 23.359882056220485 ], [ 119.030403020436864, 23.35850427232846 ], [ 119.029638617569276, 23.357901346662388 ], [ 119.027487137157777, 23.356642056831909 ], [ 119.026266183641326, 23.356402745295856 ], [ 119.024751318384006, 23.356363247275343 ], [ 119.023990400635881, 23.356546796900084 ], [ 119.022705553262711, 23.356537503248195 ], [ 119.021033857629817, 23.356299353418631 ], [ 119.019237859402949, 23.355831185704901 ], [ 119.018286421791174, 23.355380443588452 ], [ 119.017097996056293, 23.355127191574574 ], [ 119.015683037556755, 23.355472218400823 ], [ 119.014110086975109, 23.355221289799918 ], [ 119.013329420216735, 23.354829794714238 ], [ 119.012190947860773, 23.354576542700357 ], [ 119.011354519191087, 23.354173430549828 ], [ 119.010669112364525, 23.353018694303053 ], [ 119.009915164855329, 23.352801455190232 ], [ 119.00868607939347, 23.352723620855691 ], [ 119.008013451338257, 23.352419253756445 ], [ 119.00706433713944, 23.35244364959264 ], [ 119.005340364714698, 23.353521713211357 ], [ 119.004761834884818, 23.354302379969738 ], [ 119.004381956863995, 23.355404839424654 ], [ 119.004509744577433, 23.356568869323308 ], [ 119.005426330994624, 23.358558872533287 ], [ 119.005080142461878, 23.360109750691677 ], [ 119.005291573042285, 23.361688509805724 ], [ 119.006103605875779, 23.362205469191853 ], [ 119.006701884715909, 23.36227865670045 ], [ 119.00833059720884, 23.362003332263342 ], [ 119.008918420690605, 23.361437581204815 ], [ 119.00877553079286, 23.360421088029842 ], [ 119.009823390042953, 23.359001482704333 ], [ 119.009939560691521, 23.358195258403267 ], [ 119.010477430794396, 23.357026581678667 ], [ 119.011996942877659, 23.356429464545027 ], [ 119.012642851683722, 23.356944100518188 ], [ 119.013466501582059, 23.356398098469914 ], [ 119.014300606838788, 23.356673422907022 ], [ 119.014653765610433, 23.357260084682292 ], [ 119.013177236667133, 23.35860998761866 ], [ 119.013317803151892, 23.358831873557421 ], [ 119.014553858852651, 23.357808410143534 ], [ 119.01512658015011, 23.357921095672644 ], [ 119.018009935647569, 23.360491952125468 ], [ 119.018315464453309, 23.361057703183995 ], [ 119.018226013053919, 23.361978936427146 ], [ 119.017858913804446, 23.362447104140877 ], [ 119.018121459470194, 23.363080234175573 ], [ 119.018938139129631, 23.363434554653708 ], [ 119.020660949847894, 23.36331025205974 ], [ 119.021973678176721, 23.363912016019324 ], [ 119.02289026459394, 23.363956160865779 ], [ 119.023796395652766, 23.363687806667588 ], [ 119.024873297564994, 23.364251234313144 ], [ 119.025861909784311, 23.365178276088724 ], [ 119.026393971354764, 23.366152947830212 ], [ 119.028105165008185, 23.367292581892666 ], [ 119.028845172039553, 23.367431986670947 ], [ 119.031139542348797, 23.367528408309258 ], [ 119.032140933339434, 23.367826966876084 ], [ 119.033550083306579, 23.367334403326154 ], [ 119.034534048699953, 23.367354152336411 ], [ 119.035468060714464, 23.367710796227513 ], [ 119.036216199691239, 23.368242857797956 ], [ 119.037035202763633, 23.369667109949408 ], [ 119.037725256416138, 23.369885510768714 ], [ 119.041082588159753, 23.367861818070651 ], [ 119.041610002904264, 23.367665489674572 ], [ 119.04275196037969, 23.366844163189192 ], [ 119.043227098332324, 23.366718698888739 ], [ 119.044582809801142, 23.366273765304722 ], [ 119.044977790006271, 23.365480319774996 ], [ 119.044420170893147, 23.364611363323707 ], [ 119.041967808501852, 23.36409556564406 ] ] ], [ [ [ 119.019401660017422, 23.383382216719408 ], [ 119.016827318445138, 23.382289050916377 ], [ 119.015214869843021, 23.382526039039455 ], [ 119.01333871386862, 23.382448204704914 ], [ 119.012366365540117, 23.382713073783648 ], [ 119.011191880283093, 23.383257914125437 ], [ 119.010733006221244, 23.38369239235108 ], [ 119.011202335641457, 23.384728634536312 ], [ 119.012366365540117, 23.38622491248988 ], [ 119.012742758441476, 23.387437734060935 ], [ 119.01295651243484, 23.388714449488702 ], [ 119.012870546154915, 23.389229085461857 ], [ 119.013913758579037, 23.389233732287799 ], [ 119.014537594961865, 23.388009293651887 ], [ 119.014979043426422, 23.387608504914326 ], [ 119.014481833050553, 23.386828999862431 ], [ 119.015461151617984, 23.386320172421701 ], [ 119.01692722520292, 23.386320172421701 ], [ 119.017838003087689, 23.387156601091398 ], [ 119.018287583497653, 23.388250928600911 ], [ 119.017781079469898, 23.388549487167733 ], [ 119.01739887803609, 23.38978786628147 ], [ 119.018555937695851, 23.389577597407566 ], [ 119.019168157013809, 23.389302272970454 ], [ 119.019405145136886, 23.38856923617799 ], [ 119.019308723498568, 23.386967242934229 ], [ 119.019661882270213, 23.384062976720017 ], [ 119.019401660017422, 23.383382216719408 ] ] ], [ [ [ 119.060844377187749, 23.62715238226258 ], [ 119.060727044832703, 23.626532030999225 ], [ 119.061643631249893, 23.626098714480065 ], [ 119.061026765106021, 23.625711866220328 ], [ 119.060839730361806, 23.624891701441435 ], [ 119.061203344491844, 23.624314333318051 ], [ 119.061039543877342, 23.623154950245336 ], [ 119.060148515002822, 23.62240100273613 ], [ 119.060002139985642, 23.621848030448941 ], [ 119.060394796777786, 23.620883814065824 ], [ 119.060268170770854, 23.620253007444099 ], [ 119.061013986334672, 23.619373595634432 ], [ 119.061341587563618, 23.617799483346328 ], [ 119.062059522171779, 23.617098974335459 ], [ 119.061065101420013, 23.616436801638621 ], [ 119.059473563534652, 23.615592241023528 ], [ 119.059199400804033, 23.615197260818395 ], [ 119.05820962687821, 23.614547866892899 ], [ 119.05831766558137, 23.615478393787932 ], [ 119.057092065239004, 23.616469329420219 ], [ 119.057014230904457, 23.616881735222638 ], [ 119.055944299231129, 23.617475367236825 ], [ 119.055849039299318, 23.617902875223553 ], [ 119.056711025511675, 23.618849666009389 ], [ 119.057789089130381, 23.61918888430321 ], [ 119.058467525718044, 23.620314577887836 ], [ 119.059172681554855, 23.620544595772003 ], [ 119.058065575273986, 23.621264853793129 ], [ 119.057740297457997, 23.621879396524058 ], [ 119.0578529829871, 23.622586875773834 ], [ 119.057198942235658, 23.6228494214396 ], [ 119.057033979914706, 23.623639381849866 ], [ 119.05793546414759, 23.623260665535536 ], [ 119.059008880940382, 23.623742773727095 ], [ 119.059382950428756, 23.624234175570539 ], [ 119.059156417664042, 23.624690726219409 ], [ 119.057764693294217, 23.625107778847774 ], [ 119.056934073156953, 23.625622414820931 ], [ 119.056362513565972, 23.626676082603449 ], [ 119.054566515339104, 23.626516928814912 ], [ 119.05409834762537, 23.626204429770258 ], [ 119.053326974518882, 23.626540162944625 ], [ 119.05304235642987, 23.627398664037546 ], [ 119.053378089604251, 23.628160743492153 ], [ 119.054615307011517, 23.628667247519914 ], [ 119.054782592745454, 23.628179330795927 ], [ 119.055867626603089, 23.627951636324731 ], [ 119.058005166536731, 23.629022729704531 ], [ 119.058296754864642, 23.628842665199251 ], [ 119.06030883049786, 23.628468595710856 ], [ 119.060844377187749, 23.62715238226258 ] ] ], [ [ [ 119.132433377661613, 23.08520352791917 ], [ 119.134652237049266, 23.085388239250396 ], [ 119.135039085308989, 23.085155897953257 ], [ 119.13528072025801, 23.084413567508907 ], [ 119.134881093226937, 23.084008131945403 ], [ 119.135085553568445, 23.083375001910706 ], [ 119.134359487014876, 23.083063664572538 ], [ 119.13424912489873, 23.08226441051039 ], [ 119.134412925513203, 23.08151859494658 ], [ 119.133381330153924, 23.081095733785794 ], [ 119.133039788447149, 23.0801942495529 ], [ 119.133471943259821, 23.079367114535092 ], [ 119.133965668516225, 23.079135934944443 ], [ 119.135331835343379, 23.077790678834017 ], [ 119.135207532749405, 23.077230736307914 ], [ 119.135747726265265, 23.076994909891322 ], [ 119.136053255071005, 23.076036502040633 ], [ 119.135271426606124, 23.075435899787532 ], [ 119.134584858073083, 23.07582971828618 ], [ 119.13290038366884, 23.07638385227985 ], [ 119.131916418275466, 23.076029531801716 ], [ 119.131921065101437, 23.075527674599901 ], [ 119.130894116568072, 23.07536387398542 ], [ 119.130428272267295, 23.074553002858412 ], [ 119.129670839638635, 23.074377585179075 ], [ 119.129000534996408, 23.074831812414978 ], [ 119.12859161431345, 23.074676143745897 ], [ 119.127620427691426, 23.075109460265057 ], [ 119.126728237110399, 23.076122468320573 ], [ 119.123942464957736, 23.076678925727219 ], [ 119.122824903318502, 23.077553690710939 ], [ 119.121711988505211, 23.078749086684706 ], [ 119.121918772259676, 23.07952162149769 ], [ 119.120310970483473, 23.080435884501924 ], [ 119.120120450619822, 23.081225844912186 ], [ 119.120632763179998, 23.082073890646736 ], [ 119.120309808776994, 23.083160086210853 ], [ 119.121851393283492, 23.08381296525581 ], [ 119.124626710077791, 23.084489078430476 ], [ 119.125152963115823, 23.085428898977394 ], [ 119.125906910625019, 23.085452133107111 ], [ 119.125940600113097, 23.085921462527327 ], [ 119.127152259977663, 23.085748368260962 ], [ 119.127406673698033, 23.085259289830489 ], [ 119.128455694654633, 23.08596909249324 ], [ 119.129194539979522, 23.085877317680872 ], [ 119.129789333700188, 23.085927271059752 ], [ 119.130216841686916, 23.085536937680562 ], [ 119.130930129469135, 23.085641491264276 ], [ 119.132433377661613, 23.08520352791917 ] ] ], [ [ [ 119.202520291649478, 23.096583604652942 ], [ 119.202139251922148, 23.095363812842976 ], [ 119.202807233151447, 23.094094067654119 ], [ 119.201650173491686, 23.093812934684586 ], [ 119.201012396631057, 23.092907965332238 ], [ 119.200857889668441, 23.092135430519257 ], [ 119.201037954173728, 23.090778557343977 ], [ 119.20105537977102, 23.089223032359641 ], [ 119.200288653490475, 23.088481863621777 ], [ 119.199724064138422, 23.087464208740315 ], [ 119.198576298130547, 23.086824108466704 ], [ 119.197229880313671, 23.086342000275145 ], [ 119.196542150074123, 23.085359196588257 ], [ 119.196198284954363, 23.085224438635915 ], [ 119.195746381131443, 23.084048791672402 ], [ 119.195106280857829, 23.083723513856409 ], [ 119.19452658932147, 23.082870821295916 ], [ 119.194397639901553, 23.082263248803905 ], [ 119.195304932666886, 23.081477935219581 ], [ 119.194972684611969, 23.081124776447933 ], [ 119.195036578468688, 23.080217483682613 ], [ 119.195590712462348, 23.07996306996225 ], [ 119.195131838400528, 23.079281148255152 ], [ 119.196280766114853, 23.078801363476561 ], [ 119.196434111370962, 23.077851087571275 ], [ 119.195281698537173, 23.077657082588164 ], [ 119.194553308570647, 23.077292306751659 ], [ 119.193977102153752, 23.076096910777888 ], [ 119.194003821402902, 23.075207043609851 ], [ 119.193266137784491, 23.074953791595973 ], [ 119.192787514712393, 23.075210528729308 ], [ 119.192571437306071, 23.076663823542901 ], [ 119.191506152458686, 23.076786964430386 ], [ 119.191143700035155, 23.077611776035219 ], [ 119.190788217850525, 23.079055777196928 ], [ 119.188802861466513, 23.080778587915201 ], [ 119.187767780987741, 23.080908699041593 ], [ 119.18716369361519, 23.080132679109155 ], [ 119.186844224331622, 23.080137325935098 ], [ 119.187450635117159, 23.08195191146574 ], [ 119.186678100304192, 23.082466547438898 ], [ 119.185753381941566, 23.082465385732412 ], [ 119.186712951498748, 23.083793216245553 ], [ 119.187845615322288, 23.084645908806042 ], [ 119.187191574570846, 23.085556686690822 ], [ 119.187507558734978, 23.087416578774402 ], [ 119.187829351431503, 23.087463047033832 ], [ 119.18757726112409, 23.085704223414503 ], [ 119.187896730407658, 23.085123370171658 ], [ 119.188508949725616, 23.085330153926112 ], [ 119.18869714617631, 23.086936793995815 ], [ 119.189056113480376, 23.088053193928559 ], [ 119.188116292933472, 23.088426101710464 ], [ 119.188010577643269, 23.089098729765674 ], [ 119.187476192659858, 23.089680744715 ], [ 119.18681982849543, 23.089806209015457 ], [ 119.186364439553046, 23.090855229972032 ], [ 119.186225034774765, 23.091699790587121 ], [ 119.1868779138197, 23.093395882056225 ], [ 119.187722474434821, 23.094989743354585 ], [ 119.189793797098787, 23.095571758303912 ], [ 119.190870699011015, 23.095986487519301 ], [ 119.191026367680109, 23.096312927041776 ], [ 119.192174133687956, 23.096487183014631 ], [ 119.192619067271977, 23.097041317008305 ], [ 119.19384582932085, 23.096901912230024 ], [ 119.195182953485897, 23.096410510386576 ], [ 119.196280766114853, 23.096322220693665 ], [ 119.196557252258458, 23.096709068953398 ], [ 119.197380902156794, 23.096645175096686 ], [ 119.199130432124235, 23.098185597896702 ], [ 119.20020268721052, 23.098222772504247 ], [ 119.199980801271749, 23.09783592424451 ], [ 119.201281912535734, 23.097279466837868 ], [ 119.202178749942675, 23.097435135506952 ], [ 119.202520291649478, 23.096583604652942 ] ] ], [ [ [ 119.096520383363156, 23.572647437367209 ], [ 119.099313125754719, 23.571752923373232 ], [ 119.101382125005728, 23.571429968970211 ], [ 119.102840066645257, 23.571455526512899 ], [ 119.103903028079657, 23.571690191223006 ], [ 119.104560553950563, 23.572094465080021 ], [ 119.105121658183151, 23.573917182556066 ], [ 119.106486663303826, 23.574738509041442 ], [ 119.107761055318633, 23.574832607266782 ], [ 119.109806820439928, 23.574116996071602 ], [ 119.109820760917756, 23.571599578117123 ], [ 119.110248268904485, 23.570975741734308 ], [ 119.112028003240539, 23.569466685009402 ], [ 119.113168799009486, 23.568959019275159 ], [ 119.115829106861725, 23.568198101527035 ], [ 119.115692025496401, 23.5679576282845 ], [ 119.11438742911298, 23.568337506305316 ], [ 119.113703183992925, 23.565930450466979 ], [ 119.114730132526262, 23.565666743094727 ], [ 119.114597697986881, 23.565270601183109 ], [ 119.113580043105429, 23.565544763913731 ], [ 119.113136271227887, 23.564316840158362 ], [ 119.113925069931668, 23.564033383775854 ], [ 119.113609085767564, 23.563195793399675 ], [ 119.114431573959422, 23.563052903501934 ], [ 119.115046116690365, 23.563538496812949 ], [ 119.11553984194677, 23.565390256951133 ], [ 119.11576288959202, 23.565326363094421 ], [ 119.114949695052047, 23.562683480839485 ], [ 119.11706748597544, 23.56198297182862 ], [ 119.117871386863555, 23.561442778312774 ], [ 119.120020543862069, 23.561266198926951 ], [ 119.121096284067789, 23.562214151419269 ], [ 119.121660873419842, 23.561936503569196 ], [ 119.120078629186366, 23.56104895981413 ], [ 119.119169013008047, 23.559746686843678 ], [ 119.11912254474862, 23.559100778037639 ], [ 119.117891135873805, 23.55852108650128 ], [ 119.117682028706383, 23.557817092370957 ], [ 119.11772849696581, 23.556914446431577 ], [ 119.118593968297631, 23.55480827257303 ], [ 119.119698751165515, 23.553725562128374 ], [ 119.120247076626754, 23.552947218782961 ], [ 119.121044007275941, 23.552328029226093 ], [ 119.121186897173686, 23.55178435059079 ], [ 119.123428990691053, 23.550310145060458 ], [ 119.124584888644335, 23.549450482261047 ], [ 119.123820485776747, 23.548428180553646 ], [ 119.123762400452449, 23.547441891747301 ], [ 119.124159704070564, 23.546525305330096 ], [ 119.123052597789695, 23.545570382598864 ], [ 119.123057244615637, 23.545029027376536 ], [ 119.122095351645498, 23.544172849696583 ], [ 119.121354182907623, 23.544430748536406 ], [ 119.121526115467503, 23.545489063144863 ], [ 119.12066296754864, 23.545642408400976 ], [ 119.120139037923593, 23.545090597820273 ], [ 119.119257302700959, 23.545104538298105 ], [ 119.118480121062049, 23.545372892496296 ], [ 119.117443878876827, 23.545234649424497 ], [ 119.114577948976631, 23.5457864600052 ], [ 119.112923678941002, 23.545111508537016 ], [ 119.113085156142517, 23.544513229696889 ], [ 119.11255541798505, 23.544000917136703 ], [ 119.111845615322295, 23.54417633481604 ], [ 119.11123804283028, 23.543846410174105 ], [ 119.110981305696953, 23.541428898977394 ], [ 119.110778007061953, 23.54074581556381 ], [ 119.111080050748228, 23.540027880955659 ], [ 119.112120939759421, 23.538773237951119 ], [ 119.112251050885789, 23.537703306277802 ], [ 119.110424848290307, 23.536768132556826 ], [ 119.107456688219372, 23.536181470781557 ], [ 119.107201112792524, 23.534309961633117 ], [ 119.108078201189215, 23.532668470368844 ], [ 119.108704360985001, 23.531740266886782 ], [ 119.109336329313209, 23.530470521697929 ], [ 119.111214808700566, 23.529155469956134 ], [ 119.113409272252028, 23.531758854190553 ], [ 119.113679949863183, 23.531620611118758 ], [ 119.111109093410363, 23.528715183198059 ], [ 119.112616988428783, 23.527639442992314 ], [ 119.114134177099089, 23.527189862582354 ], [ 119.114774277372703, 23.527661515415542 ], [ 119.115750110820699, 23.527999572002877 ], [ 119.115753595940134, 23.528798826065028 ], [ 119.116681799422196, 23.529033490775138 ], [ 119.117175524678629, 23.53001513275554 ], [ 119.117957353143481, 23.530741199309091 ], [ 119.118663670686772, 23.530893382858718 ], [ 119.119595359288297, 23.52988269821617 ], [ 119.120327234374287, 23.529368062243012 ], [ 119.121028905091634, 23.529182189205304 ], [ 119.121750324819232, 23.529470292413755 ], [ 119.122225462771894, 23.529062533437276 ], [ 119.121928065911561, 23.528557191116004 ], [ 119.121984989529352, 23.527185215756411 ], [ 119.121305391235239, 23.526223322786265 ], [ 119.120056556763103, 23.526125739441468 ], [ 119.119016829458417, 23.525755155072531 ], [ 119.118483606181513, 23.526014215618844 ], [ 119.117583283655108, 23.525961938826988 ], [ 119.116606288500634, 23.52547866892894 ], [ 119.115582825086733, 23.524414545788051 ], [ 119.115302853823692, 23.523825560599811 ], [ 119.114523348771797, 23.524152000122285 ], [ 119.114429250546465, 23.523401537732536 ], [ 119.114876507543443, 23.523098332339771 ], [ 119.114050534232121, 23.522107396707483 ], [ 119.11293761941883, 23.522107396707483 ], [ 119.112938781125337, 23.521425475000388 ], [ 119.114020329863507, 23.520041882575935 ], [ 119.115698995735329, 23.517475672949054 ], [ 119.116377432322935, 23.515396218339678 ], [ 119.117081426453268, 23.512654591033463 ], [ 119.117361397716337, 23.512471041408727 ], [ 119.118132770822825, 23.513001941272684 ], [ 119.118181562495209, 23.514030051512513 ], [ 119.118422035737751, 23.514265877929109 ], [ 119.120035646046375, 23.513113465095309 ], [ 119.122213845707023, 23.512188746732704 ], [ 119.12401565246634, 23.511762400452454 ], [ 119.125492181409641, 23.511929686186399 ], [ 119.126041668577358, 23.510920163250336 ], [ 119.125675731034391, 23.509544702771286 ], [ 119.125769829259724, 23.508795402088015 ], [ 119.126212439430759, 23.508087922838232 ], [ 119.126219409669687, 23.507476865226767 ], [ 119.125697803457598, 23.506822824475325 ], [ 119.126246128918837, 23.504966417511199 ], [ 119.126083490010842, 23.504461075189926 ], [ 119.12522498891795, 23.504128827135023 ], [ 119.124983353968901, 23.502920652389907 ], [ 119.123804221885933, 23.502411824949178 ], [ 119.121714311918197, 23.500518243377513 ], [ 119.124401339019585, 23.496776386787122 ], [ 119.124755659497708, 23.49619204842482 ], [ 119.125014720044021, 23.494846792314394 ], [ 119.124968251784594, 23.494279879549385 ], [ 119.125576985983088, 23.490603078522188 ], [ 119.126925727212978, 23.491036395041348 ], [ 119.127383439568348, 23.491876308830498 ], [ 119.127457788783403, 23.492568685895971 ], [ 119.128397609330335, 23.492444383302001 ], [ 119.12880188318735, 23.489853777838924 ], [ 119.129767261276953, 23.48949132541539 ], [ 119.134477981076429, 23.490785466440443 ], [ 119.135358554592557, 23.492014551902297 ], [ 119.134567432475791, 23.494026627535504 ], [ 119.133783280597953, 23.493815196955108 ], [ 119.13349169227007, 23.494689961938828 ], [ 119.134014460188638, 23.494952507604594 ], [ 119.133857629813065, 23.495994558322256 ], [ 119.136851347426671, 23.496697390746093 ], [ 119.138403387291532, 23.497310771770536 ], [ 119.139360633435729, 23.496669509790436 ], [ 119.141553935280712, 23.496102597025423 ], [ 119.142024426407431, 23.496734565353634 ], [ 119.143757692484058, 23.49611421409028 ], [ 119.145201693645788, 23.496431359960873 ], [ 119.145766282997812, 23.497019183442628 ], [ 119.146169395148348, 23.496896042555147 ], [ 119.145486311734771, 23.495235963987099 ], [ 119.145414285932645, 23.494676021461004 ], [ 119.14604160743491, 23.493994099753905 ], [ 119.145368979379697, 23.493345867534892 ], [ 119.145054156922072, 23.493584017364459 ], [ 119.143746075419216, 23.492541966646797 ], [ 119.145087846410178, 23.491765946714363 ], [ 119.145666376240058, 23.491832163984043 ], [ 119.146595741428598, 23.493049632381041 ], [ 119.146864095626796, 23.492943917090845 ], [ 119.145733755216213, 23.49157775026368 ], [ 119.145039054737765, 23.49156961831828 ], [ 119.142695892756137, 23.492898610537907 ], [ 119.141830421424316, 23.491876308830498 ], [ 119.141266993778743, 23.490137234221429 ], [ 119.140233075006506, 23.489973433606949 ], [ 119.140130844835738, 23.489161400773455 ], [ 119.13943498265084, 23.488731569373755 ], [ 119.140075082924454, 23.487753412512806 ], [ 119.141248406474972, 23.486487152443409 ], [ 119.141501658488863, 23.48583775851791 ], [ 119.142246312346202, 23.484888644319106 ], [ 119.142626190366997, 23.483284327662375 ], [ 119.141883859922643, 23.482403754146226 ], [ 119.140632702037578, 23.481980892985437 ], [ 119.139547668179944, 23.481020161721773 ], [ 119.138872716711774, 23.479947906635488 ], [ 119.13882508674584, 23.479127741856594 ], [ 119.139112028247808, 23.478536433255382 ], [ 119.138710077803751, 23.477840571070455 ], [ 119.139229360602855, 23.476918176120822 ], [ 119.139206126473141, 23.475567111477968 ], [ 119.138961006404656, 23.474850338576303 ], [ 119.13839874046559, 23.474335702603142 ], [ 119.138093211659879, 23.473636355298758 ], [ 119.138146650158205, 23.473009033796487 ], [ 119.140063465859583, 23.471021353999486 ], [ 119.140917320126562, 23.470346402531302 ], [ 119.141157793369104, 23.469666804237175 ], [ 119.140667553232134, 23.469018572018161 ], [ 119.140626893505129, 23.468144968740926 ], [ 119.140053010501219, 23.468026474679384 ], [ 119.139358310022772, 23.467009981504415 ], [ 119.138763516302106, 23.465521835496251 ], [ 119.140560676235452, 23.465588052765934 ], [ 119.143706577398689, 23.465366166827167 ], [ 119.144333898900953, 23.466168906008775 ], [ 119.144336222313939, 23.466638235428992 ], [ 119.144839241222229, 23.467486281163545 ], [ 119.147173109551971, 23.468674706898398 ], [ 119.147161492487101, 23.469834089971112 ], [ 119.146930312896473, 23.470354534476702 ], [ 119.147658702862998, 23.471151465125878 ], [ 119.147656379450012, 23.472165634887883 ], [ 119.148001406276279, 23.473050855229975 ], [ 119.148460280338128, 23.473578269974478 ], [ 119.148309258494976, 23.474958377279471 ], [ 119.149575518564376, 23.475629843628198 ], [ 119.150106418428322, 23.476567340762141 ], [ 119.150130814264543, 23.477708136531085 ], [ 119.1492734748781, 23.479958361993859 ], [ 119.148923801225891, 23.480151205270484 ], [ 119.148485837880798, 23.482806866296759 ], [ 119.148819247642194, 23.483256446706719 ], [ 119.149946102933313, 23.484135858516382 ], [ 119.1513993977469, 23.484843337766165 ], [ 119.153186102321882, 23.485216245548067 ], [ 119.153746044847964, 23.486485990736924 ], [ 119.153642652970774, 23.487040124730594 ], [ 119.154680056862475, 23.487350300362273 ], [ 119.156060164167457, 23.487415355925467 ], [ 119.156467923143936, 23.486907690191227 ], [ 119.156860579936108, 23.485563595787291 ], [ 119.157679583008502, 23.485019917151988 ], [ 119.158299934271867, 23.484109139267211 ], [ 119.156981397410618, 23.482019229299461 ], [ 119.156871035294472, 23.481196741107599 ], [ 119.156235581846801, 23.480898182540781 ], [ 119.155566438911052, 23.4800036685468 ], [ 119.154450038978297, 23.47924972103759 ], [ 119.154030662936975, 23.478426071139239 ], [ 119.154240931810875, 23.477667476804086 ], [ 119.155299246419332, 23.477183045199556 ], [ 119.156235581846801, 23.476402378441176 ], [ 119.157563412359934, 23.475786674003764 ], [ 119.158211644578955, 23.475167484446892 ], [ 119.157299704987707, 23.475010654071326 ], [ 119.1562611393895, 23.474575014139191 ], [ 119.156295990584056, 23.473567814616104 ], [ 119.156909371608492, 23.472852203420924 ], [ 119.157864294339731, 23.474171901988662 ], [ 119.159122422463724, 23.473775760077043 ], [ 119.15964751379525, 23.474461166903598 ], [ 119.160488589290907, 23.474457681784141 ], [ 119.16171535133978, 23.475170969566349 ], [ 119.162013909906619, 23.47575995475459 ], [ 119.15884593632012, 23.477081976735303 ], [ 119.15964054355635, 23.479197444245735 ], [ 119.159932131884261, 23.480535730117243 ], [ 119.160982314547311, 23.482288745204141 ], [ 119.161075251066165, 23.483398174897971 ], [ 119.161974411886092, 23.484008070802957 ], [ 119.163727426972997, 23.484383301997834 ], [ 119.164333837758534, 23.484666758380339 ], [ 119.164221152229402, 23.485291756469636 ], [ 119.164195594686703, 23.487636080157749 ], [ 119.164390761376296, 23.489109123981596 ], [ 119.16460335366321, 23.489621436541785 ], [ 119.16529805414163, 23.490234817566229 ], [ 119.166144938169708, 23.491348894086002 ], [ 119.167987404655975, 23.492316595588576 ], [ 119.168405618990846, 23.492708090674252 ], [ 119.168634475168517, 23.494322862689355 ], [ 119.169101481175773, 23.494973418321337 ], [ 119.169283869094016, 23.496817046514121 ], [ 119.16908405557848, 23.497404869995876 ], [ 119.168514819400485, 23.497565185490899 ], [ 119.167917702266863, 23.496623041531009 ], [ 119.167296189297019, 23.496126992861623 ], [ 119.166104278442702, 23.496080524602196 ], [ 119.165327096803793, 23.495794744806716 ], [ 119.164305956802849, 23.496160682349707 ], [ 119.165073844789902, 23.49677871020009 ], [ 119.16627853441554, 23.497126060439314 ], [ 119.168081502881336, 23.49801011907492 ], [ 119.168828480151632, 23.499276379144312 ], [ 119.169801990186642, 23.499764295868303 ], [ 119.170655844453591, 23.499480839485795 ], [ 119.172856116537503, 23.498485257027561 ], [ 119.174303602818668, 23.498133259962401 ], [ 119.175055226914907, 23.497568670610356 ], [ 119.176789654698041, 23.495424160437786 ], [ 119.176263401660009, 23.494817749652256 ], [ 119.176588679475998, 23.494051023371703 ], [ 119.176505036609029, 23.493374910197034 ], [ 119.176938353128207, 23.492771984530965 ], [ 119.176661866984603, 23.491648614359306 ], [ 119.175574509714011, 23.490538022958994 ], [ 119.174427905412614, 23.490239464392172 ], [ 119.174176976811736, 23.489222971217195 ], [ 119.173747145412023, 23.489286865073908 ], [ 119.173424191008991, 23.48863514773544 ], [ 119.173755277357401, 23.487663961113405 ], [ 119.174770608825924, 23.486492960975838 ], [ 119.175433943229223, 23.486602161385491 ], [ 119.176297091148086, 23.486114244661501 ], [ 119.176906987053087, 23.486139802204189 ], [ 119.17888421149172, 23.484799192919709 ], [ 119.180048241390381, 23.484385625410805 ], [ 119.180885831766545, 23.483715320768564 ], [ 119.182684153406399, 23.484075449779127 ], [ 119.183141865761769, 23.482224851347429 ], [ 119.185243392794348, 23.482580333532052 ], [ 119.186764066584118, 23.483367970529343 ], [ 119.18704287614068, 23.483043854419837 ], [ 119.185568670610337, 23.482235306705803 ], [ 119.182753855795539, 23.481769462405044 ], [ 119.182484339890863, 23.483200684795406 ], [ 119.181269194906832, 23.483236697696462 ], [ 119.18008773941088, 23.482877730392385 ], [ 119.180300331697765, 23.482044786842149 ], [ 119.180852142278468, 23.481777594350444 ], [ 119.182297305146676, 23.481992510050294 ], [ 119.182380948013645, 23.481782241176383 ], [ 119.180273612448588, 23.481468580425247 ], [ 119.179525473471813, 23.481041072438515 ], [ 119.179462741321572, 23.480512495987533 ], [ 119.180169058864891, 23.478550373733206 ], [ 119.182809617706852, 23.477555952981461 ], [ 119.1843314532031, 23.477315479738927 ], [ 119.186595619143702, 23.477496705950692 ], [ 119.189226884333777, 23.478107763562164 ], [ 119.189762431023695, 23.478627046361261 ], [ 119.190839332935894, 23.480749484110611 ], [ 119.190569817031218, 23.482360771006253 ], [ 119.189325629385053, 23.482677916876845 ], [ 119.189726418122632, 23.483261093532661 ], [ 119.19058724262851, 23.48341443878877 ], [ 119.19139579034254, 23.48431359960869 ], [ 119.190661591843593, 23.485769217835252 ], [ 119.18965787743997, 23.486020146436164 ], [ 119.189195518258657, 23.484550587731771 ], [ 119.188914385289138, 23.484653979608996 ], [ 119.189358157166652, 23.486394215924555 ], [ 119.190646489659287, 23.487371211079012 ], [ 119.190148117576939, 23.488482964185813 ], [ 119.189669494504813, 23.489038259885973 ], [ 119.190314241604369, 23.489426269852189 ], [ 119.190712706928963, 23.490287094358084 ], [ 119.191225019489139, 23.490086119136059 ], [ 119.19260396508767, 23.490059399886892 ], [ 119.194052613075314, 23.489536631968331 ], [ 119.194077008911506, 23.48877571422021 ], [ 119.193634398740471, 23.488286635789734 ], [ 119.193758701334446, 23.487715076198779 ], [ 119.193367206248752, 23.487184176334818 ], [ 119.193943412665647, 23.485862154354109 ], [ 119.194932024884963, 23.484245058926035 ], [ 119.195849773008661, 23.483017135170666 ], [ 119.197844423044586, 23.481662585408358 ], [ 119.19840785069016, 23.481073600220117 ], [ 119.198794698949882, 23.479851484997173 ], [ 119.199863468916703, 23.478040384585992 ], [ 119.200357194173137, 23.477009950933191 ], [ 119.200878800385198, 23.476389599669837 ], [ 119.201920851102869, 23.474698155026676 ], [ 119.202390180523082, 23.473565491203132 ], [ 119.203795845370763, 23.471152626832367 ], [ 119.205234038000043, 23.469852677274886 ], [ 119.206187799024775, 23.469673774476089 ], [ 119.205200348511937, 23.468521361642289 ], [ 119.205105088580126, 23.467870806010303 ], [ 119.204549792879959, 23.46749557481543 ], [ 119.204652023050699, 23.466853151128845 ], [ 119.204507971446475, 23.464978156860951 ], [ 119.20516085049141, 23.462969566347201 ], [ 119.204126931719173, 23.46306017945308 ], [ 119.203895752128517, 23.462295776585503 ], [ 119.204011922777084, 23.46123630027056 ], [ 119.204370890081179, 23.460916830986992 ], [ 119.204277953562297, 23.459554149279288 ], [ 119.203461273902889, 23.459431008391803 ], [ 119.203141804619321, 23.45885596368139 ], [ 119.203342779841336, 23.45789523241773 ], [ 119.203899237247981, 23.456867122177897 ], [ 119.205589520184645, 23.455567172620416 ], [ 119.205477996362021, 23.454688922517235 ], [ 119.206409684963546, 23.453258861833362 ], [ 119.206497974656457, 23.452324849818869 ], [ 119.206378318888426, 23.450020024151268 ], [ 119.206777945919498, 23.448373886061052 ], [ 119.207169441005192, 23.447797679644154 ], [ 119.208311398480589, 23.446738203329211 ], [ 119.209900612953021, 23.445535837116523 ], [ 119.211001910701469, 23.444379939163269 ], [ 119.212766542853217, 23.443687562097804 ], [ 119.214090888246886, 23.443416884486634 ], [ 119.215194509408292, 23.443564421210318 ], [ 119.216305100808597, 23.442826737591908 ], [ 119.217610858898496, 23.442467770287831 ], [ 119.217880374803201, 23.442794209810309 ], [ 119.218808578285262, 23.442364378410605 ], [ 119.219722841289496, 23.442273765304723 ], [ 119.219990033781187, 23.441769584689933 ], [ 119.219906390914247, 23.441103926873637 ], [ 119.218743522722065, 23.440576512129134 ], [ 119.218144082175456, 23.440954066736982 ], [ 119.21795123889882, 23.44011299124135 ], [ 119.218713318353423, 23.438538878953246 ], [ 119.219258158695197, 23.438484278748419 ], [ 119.21964384524847, 23.437934791580687 ], [ 119.219103651732638, 23.437585117928496 ], [ 119.219317405725974, 23.436792834105262 ], [ 119.219809969275929, 23.43632931321747 ], [ 119.220100395897333, 23.435546323046118 ], [ 119.221046024976687, 23.435376713899213 ], [ 119.221673346478951, 23.43456351935923 ], [ 119.220864798764921, 23.434527506458174 ], [ 119.220110851255725, 23.435073508506445 ], [ 119.219332507910309, 23.436042371715509 ], [ 119.218938689411658, 23.436199202091075 ], [ 119.217519084086149, 23.435494046254263 ], [ 119.216660582993228, 23.435252411305239 ], [ 119.216111095825482, 23.435668302227118 ], [ 119.214454502376924, 23.435174576970702 ], [ 119.213041867290315, 23.435682242704942 ], [ 119.212540010088503, 23.435563748643407 ], [ 119.211352746060129, 23.43479005212394 ], [ 119.211294660735859, 23.434460127482005 ], [ 119.209102520597355, 23.433373931917888 ], [ 119.207897830971717, 23.434029134375816 ], [ 119.206759358615727, 23.434298650280493 ], [ 119.205422234450708, 23.434116262362238 ], [ 119.204541660934552, 23.4334622216108 ], [ 119.203794683664285, 23.432429464545027 ], [ 119.202823497042232, 23.43248522645634 ], [ 119.201021690282914, 23.431798657923302 ], [ 119.200589535470243, 23.431845126182726 ], [ 119.199689212943866, 23.432502652053625 ], [ 119.198448510417137, 23.432636248299477 ], [ 119.197811895262987, 23.433042845569471 ], [ 119.197638800996629, 23.434404365570693 ], [ 119.196859295944734, 23.434981733694077 ], [ 119.196571192736286, 23.4357833111692 ], [ 119.197306552941711, 23.436223597927277 ], [ 119.197527277174004, 23.436902034514915 ], [ 119.196669937787561, 23.439333486189454 ], [ 119.196999862429493, 23.439384601274821 ], [ 119.1976318307577, 23.437687348099239 ], [ 119.199659008575225, 23.438219409669678 ], [ 119.199276807141445, 23.439553048715247 ], [ 119.19818480304491, 23.439305605233798 ], [ 119.19789902324942, 23.439884135063668 ], [ 119.199015423182175, 23.440191987282372 ], [ 119.198597208847303, 23.441512847556599 ], [ 119.197076535057533, 23.442135522232924 ], [ 119.196875559835519, 23.440478928784341 ], [ 119.196466639152561, 23.440567218477252 ], [ 119.196630439767034, 23.442140169058867 ], [ 119.194941318536877, 23.442165726601555 ], [ 119.194926216352542, 23.441119029057951 ], [ 119.193770318399288, 23.441131807829294 ], [ 119.193819110071701, 23.443478454930379 ], [ 119.191721068158529, 23.443469161278493 ], [ 119.190971767475276, 23.4432577306981 ], [ 119.190672047201986, 23.444232402439589 ], [ 119.188683205698453, 23.444133657388303 ], [ 119.188658809862289, 23.443201968786781 ], [ 119.190292169181163, 23.441692912061878 ], [ 119.189437153207678, 23.441625533085709 ], [ 119.189394170067715, 23.439585576496846 ], [ 119.1910832912979, 23.438041668577373 ], [ 119.19101358890876, 23.437676892740868 ], [ 119.187986181807076, 23.440317451582828 ], [ 119.187580746243555, 23.443431986670948 ], [ 119.184396508766298, 23.44217153513398 ], [ 119.1828618944987, 23.441953134314673 ], [ 119.182049861665206, 23.442257501413923 ], [ 119.180911389309244, 23.44237483376898 ], [ 119.177874688555647, 23.44233533574846 ], [ 119.174513871692568, 23.44276168202871 ], [ 119.172180003362826, 23.442705920117398 ], [ 119.170970666911245, 23.442511915134286 ], [ 119.166009018510863, 23.442427110560828 ], [ 119.164402378441167, 23.442446859571092 ], [ 119.162868925880076, 23.442005411106532 ], [ 119.160142400758161, 23.440645052811789 ], [ 119.158524143623595, 23.439618104278445 ], [ 119.156679353724343, 23.437755888781894 ], [ 119.155762767307124, 23.436365326118526 ], [ 119.155246969627484, 23.435208266458783 ], [ 119.155090139251911, 23.433813056969477 ], [ 119.155727916112539, 23.433162501337495 ], [ 119.157878234817559, 23.432385319698572 ], [ 119.157796915363576, 23.432202931780317 ], [ 119.154236284984933, 23.433565613488028 ], [ 119.153412635086596, 23.433258922975806 ], [ 119.151070634811447, 23.431689457513645 ], [ 119.150701212149016, 23.431083046728119 ], [ 119.15017147399152, 23.428991975053886 ], [ 119.150407300408119, 23.428278687271671 ], [ 119.150877791534839, 23.428247321196562 ], [ 119.151294844163203, 23.427062380581159 ], [ 119.150897540545088, 23.426397884471349 ], [ 119.150481649623202, 23.426421118601063 ], [ 119.148912184161048, 23.425908806040876 ], [ 119.148582259519117, 23.426200394368784 ], [ 119.147534400269024, 23.425625349658368 ], [ 119.146908240473238, 23.426113266382359 ], [ 119.147171947845493, 23.426675532321429 ], [ 119.146701456718802, 23.42756888460892 ], [ 119.145942862383635, 23.427703642561262 ], [ 119.144434967365214, 23.427578178260806 ], [ 119.143417312483763, 23.427073997646016 ], [ 119.142652909616174, 23.426261964812525 ], [ 119.142239342107274, 23.425410433958518 ], [ 119.141527216031562, 23.425418565903918 ], [ 119.139761422173308, 23.424649516210394 ], [ 119.139152687974814, 23.424177863377206 ], [ 119.139848550159741, 23.423605142079762 ], [ 119.139777686064093, 23.421804497026951 ], [ 119.139479127497282, 23.421884654774463 ], [ 119.139556961831829, 23.423578422830591 ], [ 119.138662447837845, 23.424268476483089 ], [ 119.137630852478566, 23.423412298803139 ], [ 119.137676159031514, 23.423053331499062 ], [ 119.136562082511716, 23.422105379006744 ], [ 119.135508414729202, 23.421493159688787 ], [ 119.135011204353333, 23.421660445422727 ], [ 119.13446520230508, 23.420994787606432 ], [ 119.134343223124063, 23.419766863851059 ], [ 119.134641781690902, 23.41892927347488 ], [ 119.134606930496318, 23.417902324941537 ], [ 119.134840433499932, 23.417085645282096 ], [ 119.135207532749405, 23.416886993473049 ], [ 119.134597636844433, 23.415927423915871 ], [ 119.132822549334293, 23.41595995169747 ], [ 119.131783983736113, 23.417097262346953 ], [ 119.131369254520706, 23.417279650265208 ], [ 119.128782134177101, 23.417279650265208 ], [ 119.126818850216296, 23.416274774155092 ], [ 119.125335351034067, 23.415137463505605 ], [ 119.124552360862737, 23.413952522890209 ], [ 119.124523318200573, 23.412819859066666 ], [ 119.123865792329696, 23.411716237905264 ], [ 119.124203848917006, 23.410980877699824 ], [ 119.123811192124833, 23.410129346845817 ], [ 119.122655294171608, 23.410582412375234 ], [ 119.121391357515165, 23.409425352715491 ], [ 119.12112765014291, 23.408645847663596 ], [ 119.121457574784841, 23.407771082679876 ], [ 119.12087323642254, 23.406970666911242 ], [ 119.119139970345913, 23.406413047798107 ], [ 119.11870897723972, 23.4067301936687 ], [ 119.117741275737131, 23.406327081518171 ], [ 119.116800293483749, 23.405512725271706 ], [ 119.116098622766401, 23.404353342198988 ], [ 119.117941089252696, 23.402877974962173 ], [ 119.11778658229008, 23.402694425337433 ], [ 119.116583054370921, 23.403628437351923 ], [ 119.115714097919636, 23.402374956053869 ], [ 119.116911817306374, 23.402057810183276 ], [ 119.116816557374534, 23.401731370660798 ], [ 119.115619999694303, 23.402086852845422 ], [ 119.115402760581446, 23.401329420216754 ], [ 119.116226410479811, 23.400555723697284 ], [ 119.116208984882519, 23.400009721649013 ], [ 119.117695969184211, 23.39784894758564 ], [ 119.120615337582734, 23.397839653933755 ], [ 119.121420400177328, 23.398044114275237 ], [ 119.122053530212014, 23.398540162944624 ], [ 119.12313856406962, 23.398612188746736 ], [ 119.123672949053059, 23.398263676801029 ], [ 119.123856498677782, 23.397085706424548 ], [ 119.123073508506451, 23.395795050518949 ], [ 119.122829550144445, 23.394951651610342 ], [ 119.123320951987893, 23.394035065193137 ], [ 119.121911802020747, 23.393591293315605 ], [ 119.120768682838843, 23.39281178826371 ], [ 119.119060974304887, 23.392036930037758 ], [ 119.117870225157048, 23.392107794133384 ], [ 119.116932728023102, 23.391586187921313 ], [ 119.116612097033055, 23.390984423961726 ], [ 119.117491508842733, 23.389313890035311 ], [ 119.118173430549831, 23.388746977270298 ], [ 119.119303770960386, 23.387150792558966 ], [ 119.119454792803538, 23.386554837131808 ], [ 119.119344430687391, 23.384758838904943 ], [ 119.11954889102887, 23.384052521361646 ], [ 119.119557022974277, 23.382754895217136 ], [ 119.118847220311523, 23.381422417878056 ], [ 119.117500802494618, 23.381199370232803 ], [ 119.116487794439081, 23.381824368322103 ], [ 119.115865119762759, 23.382766512281993 ], [ 119.114510570000448, 23.382944253374301 ], [ 119.113338408156409, 23.38269216306691 ], [ 119.112154629247499, 23.383092951804471 ], [ 119.111204353342202, 23.384184955901013 ], [ 119.110942969382904, 23.384901728802681 ], [ 119.109946225218209, 23.385178214946272 ], [ 119.108745020712007, 23.385819476926375 ], [ 119.107806361871582, 23.383914278289847 ], [ 119.107391632656174, 23.384052521361646 ], [ 119.10764836978953, 23.38538383699424 ], [ 119.10764256125708, 23.386178444230449 ], [ 119.107259198116822, 23.386331789486558 ], [ 119.107048929242893, 23.387355252900448 ], [ 119.108071230950287, 23.387716543617497 ], [ 119.107694838048957, 23.388627321502273 ], [ 119.106343773406081, 23.388145213310711 ], [ 119.10557472371255, 23.386458415493497 ], [ 119.103624218523095, 23.386891732012661 ], [ 119.100664190397566, 23.387062502866055 ], [ 119.09806545298909, 23.386935876859116 ], [ 119.096987389370383, 23.386237691261218 ], [ 119.097398633466327, 23.385430305253671 ], [ 119.09644138732213, 23.384954005594537 ], [ 119.096130049983941, 23.384502101771606 ], [ 119.095308723498562, 23.384971431191822 ], [ 119.094258540835511, 23.384244202931782 ], [ 119.093734611210465, 23.383506519313375 ], [ 119.092707662677128, 23.383465859586376 ], [ 119.091827089160972, 23.382810657128449 ], [ 119.090980205132894, 23.383183564910354 ], [ 119.09028201953501, 23.383214930985464 ], [ 119.089343360694585, 23.382909402179731 ], [ 119.08771116308219, 23.382760703749561 ], [ 119.08597325017962, 23.383170786139008 ], [ 119.084690726219407, 23.382716558903105 ], [ 119.084378227174767, 23.381889423885298 ], [ 119.083584781645015, 23.381223766069002 ], [ 119.081606395499904, 23.38064872135859 ], [ 119.078680056862481, 23.381493281973679 ], [ 119.077514865257342, 23.38217171856132 ], [ 119.076764402867582, 23.383306705797832 ], [ 119.076360129010538, 23.384226777334497 ], [ 119.076565751058524, 23.38522003637976 ], [ 119.076234664710114, 23.386065758701335 ], [ 119.076266030785206, 23.387307622934536 ], [ 119.076630806621722, 23.388121979181001 ], [ 119.077517188670299, 23.389380107304998 ], [ 119.079674477614219, 23.391434004371686 ], [ 119.080040415157214, 23.392715366625399 ], [ 119.079743018296881, 23.393369407376838 ], [ 119.079410770241964, 23.394904021644429 ], [ 119.079179590651336, 23.39526182724202 ], [ 119.078877546965032, 23.3967081518167 ], [ 119.078285076657352, 23.397790862261356 ], [ 119.07689916081992, 23.399151220556092 ], [ 119.075304137815067, 23.400508093731371 ], [ 119.072908699041591, 23.401856834961254 ], [ 119.072173338836137, 23.402121704039988 ], [ 119.069028599379408, 23.402647957078006 ], [ 119.067799513917549, 23.402667706088263 ], [ 119.067056021766717, 23.402440011617067 ], [ 119.066698216169129, 23.401590804176035 ], [ 119.065687531526578, 23.400495314960029 ], [ 119.06485226456337, 23.400006236529556 ], [ 119.064134329955209, 23.399914461717188 ], [ 119.062260497393794, 23.400235092707238 ], [ 119.060850185720199, 23.399333608474347 ], [ 119.060254230293026, 23.399382400146745 ], [ 119.058431512816981, 23.401335228749179 ], [ 119.058277005854393, 23.402363338989012 ], [ 119.05771822503479, 23.403333363904558 ], [ 119.056246342917404, 23.40497253175586 ], [ 119.056214976842313, 23.405444184589051 ], [ 119.057003775546065, 23.406320111279257 ], [ 119.057214044419965, 23.407042692713354 ], [ 119.056101129606702, 23.409299888415035 ], [ 119.0546896562266, 23.410455786368296 ], [ 119.054163403188568, 23.410712523501633 ], [ 119.052340685712522, 23.411120282478105 ], [ 119.05071894345852, 23.410738081044315 ], [ 119.050162486051875, 23.411670931352322 ], [ 119.050135766802697, 23.413236911695027 ], [ 119.051549563595785, 23.413493648828361 ], [ 119.051975909876035, 23.413901407804836 ], [ 119.052382507146035, 23.414993411901378 ], [ 119.051826049739361, 23.416825423029305 ], [ 119.051521682640129, 23.417435318934288 ], [ 119.049757050488381, 23.41800339340579 ], [ 119.047961052261485, 23.417151862551783 ], [ 119.04586998058727, 23.416443221595515 ], [ 119.044973143180329, 23.415370966509226 ], [ 119.044417847480162, 23.415997126305012 ], [ 119.043713853349857, 23.416112135247097 ], [ 119.041922501948903, 23.417277326852236 ], [ 119.042214090276815, 23.420129316274593 ], [ 119.041737790617702, 23.422108864126201 ], [ 119.042159490071981, 23.422201800645055 ], [ 119.042987786796289, 23.423885113342816 ], [ 119.042836764953165, 23.424122101465894 ], [ 119.043426911847888, 23.424972470613415 ], [ 119.043278213417693, 23.42602149156999 ], [ 119.04290414392932, 23.426083062013728 ], [ 119.043087693554043, 23.427887192185999 ], [ 119.043875330551344, 23.427946439216768 ], [ 119.044065850414995, 23.426428088839977 ], [ 119.044712920927537, 23.425727579829111 ], [ 119.045702694853333, 23.425596306996226 ], [ 119.046736613625598, 23.426151602696383 ], [ 119.046711056082898, 23.427609544335919 ], [ 119.047352318062991, 23.427688540376945 ], [ 119.047972669326356, 23.42815554638419 ], [ 119.048461747756846, 23.428932728023113 ], [ 119.048350223934222, 23.429549594167014 ], [ 119.047857660384295, 23.429881842221921 ], [ 119.048021460998768, 23.430908790755264 ], [ 119.048524479907059, 23.431203864202629 ], [ 119.048826523593334, 23.433023096559214 ], [ 119.049551428440424, 23.434633221748374 ], [ 119.050030051512522, 23.435029363659989 ], [ 119.05080839485791, 23.434783081885023 ], [ 119.050975680591847, 23.433984989529357 ], [ 119.050365784686875, 23.433478485501599 ], [ 119.049560722092281, 23.432099539903092 ], [ 119.049903425505562, 23.431191085431287 ], [ 119.051687806667587, 23.42979239082252 ], [ 119.052995888170472, 23.429297503859623 ], [ 119.054236590697172, 23.428500573210439 ], [ 119.053345561822653, 23.427958056281625 ], [ 119.05316201219793, 23.427363262560952 ], [ 119.053414102505315, 23.425566102627599 ], [ 119.053077207624455, 23.423902538940098 ], [ 119.053314195747532, 23.422739670747927 ], [ 119.052320936702273, 23.42188813989392 ], [ 119.052420843460055, 23.42086816159949 ], [ 119.051881811650702, 23.419369560232955 ], [ 119.05287623240244, 23.418738753611226 ], [ 119.053047003255841, 23.419402088014554 ], [ 119.055124134452228, 23.418385594839577 ], [ 119.055263539230509, 23.418085874566273 ], [ 119.057086256706555, 23.417205301050124 ], [ 119.058720777731935, 23.416809159138506 ], [ 119.060030020941298, 23.416308463643176 ], [ 119.060170587426057, 23.414367252105595 ], [ 119.059673377050188, 23.413921156815093 ], [ 119.059528163739458, 23.413051038657315 ], [ 119.060420354320485, 23.412104247871483 ], [ 119.060576022989551, 23.411483896608125 ], [ 119.06006138701639, 23.410581250668749 ], [ 119.058150379847461, 23.409353326913379 ], [ 119.057455679369014, 23.40861796670794 ], [ 119.057875055410335, 23.407002032986355 ], [ 119.057661301416971, 23.406165604316659 ], [ 119.058652237049245, 23.404945812506693 ], [ 119.05949447425138, 23.404283639809851 ], [ 119.060458690634505, 23.403887497898229 ], [ 119.060680576573276, 23.403231133733819 ], [ 119.061889913024885, 23.402836153528686 ], [ 119.064200547224885, 23.402890753733516 ], [ 119.06506834196972, 23.403223001788419 ], [ 119.065307653505755, 23.403940936396573 ], [ 119.064568808180866, 23.404708824383611 ], [ 119.06350352333348, 23.405085217284974 ], [ 119.064748872686152, 23.407939530120299 ], [ 119.066987481084055, 23.407201846501891 ], [ 119.067126885862336, 23.40616792772963 ], [ 119.069019305727522, 23.406698827593587 ], [ 119.069226089481958, 23.407327310802344 ], [ 119.070620137264797, 23.408415829779432 ], [ 119.070772320814427, 23.408961831827707 ], [ 119.070160101496441, 23.409574051145658 ], [ 119.069809266137781, 23.41046275660721 ], [ 119.068897326546505, 23.411242261659105 ], [ 119.069654759175194, 23.412209963161679 ], [ 119.070355268186063, 23.412340074288075 ], [ 119.070648018220453, 23.410842634628025 ], [ 119.07157273658305, 23.409041989575218 ], [ 119.073084116720906, 23.408281071827091 ], [ 119.075025328258505, 23.408630745479282 ], [ 119.075717705323967, 23.408993197902817 ], [ 119.077556686690798, 23.409280139404778 ], [ 119.077764632151741, 23.408638877424682 ], [ 119.077475367236815, 23.408186973601754 ], [ 119.078173552834727, 23.40712168875438 ], [ 119.077944696657028, 23.406388651961912 ], [ 119.076782990171353, 23.405813607251499 ], [ 119.078088748261251, 23.403757386771836 ], [ 119.079231867443184, 23.404348695373049 ], [ 119.080341297137011, 23.404696045612269 ], [ 119.080529493587676, 23.404306873939564 ], [ 119.080154262392824, 23.403393772641813 ], [ 119.078926338637444, 23.402560829091581 ], [ 119.077533452561113, 23.402306415371214 ], [ 119.077060638021436, 23.401447914278293 ], [ 119.077668210513451, 23.40054178321946 ], [ 119.077381269011482, 23.400303633389893 ], [ 119.07894260252823, 23.399273199737092 ], [ 119.079424710719792, 23.398442579599827 ], [ 119.079589673040772, 23.397636355298758 ], [ 119.079375919047408, 23.397283196527109 ], [ 119.080168202870624, 23.395187478026934 ], [ 119.080790877546974, 23.395518564375358 ], [ 119.082101282462816, 23.39526995918742 ], [ 119.082249980892982, 23.396711636936157 ], [ 119.083891472157262, 23.396991608199205 ], [ 119.084219073386208, 23.397359869155167 ], [ 119.085182128062854, 23.397571299735564 ], [ 119.086505311750045, 23.398717904036932 ], [ 119.087152382262587, 23.399861023218847 ], [ 119.086756240350951, 23.40106919796396 ], [ 119.087140765197717, 23.401993916326564 ], [ 119.08785172956695, 23.401969520490365 ], [ 119.088535974687034, 23.402615429296404 ], [ 119.088452331820065, 23.404219745953139 ], [ 119.088152611546747, 23.404934195441836 ], [ 119.087396340624565, 23.404937680561289 ], [ 119.087233701716571, 23.405753198514244 ], [ 119.087384723559722, 23.407509698720595 ], [ 119.087656562877356, 23.409003653261188 ], [ 119.08830944192232, 23.409453233671147 ], [ 119.089112181103928, 23.409575212852147 ], [ 119.090158878647543, 23.410109597835561 ], [ 119.091763195304253, 23.40925109674264 ], [ 119.093009706363404, 23.409194173124842 ], [ 119.092745998991148, 23.408507604591801 ], [ 119.09324785619296, 23.407374940768257 ], [ 119.094433958514855, 23.405980892985436 ], [ 119.095745525137175, 23.40650830772994 ], [ 119.096456489506437, 23.407004356399323 ], [ 119.096809648278082, 23.407854725546844 ], [ 119.098544076061188, 23.408252029164949 ], [ 119.10058519435654, 23.40706244172361 ], [ 119.101502942480238, 23.405686981244557 ], [ 119.10212561715656, 23.405445346295533 ], [ 119.101505265893223, 23.404653062472299 ], [ 119.102725057703196, 23.40368652267621 ], [ 119.103404655997309, 23.403911893734428 ], [ 119.104148148148141, 23.403154461105764 ], [ 119.105455067944547, 23.402939545405914 ], [ 119.10603940630682, 23.403690007795667 ], [ 119.105954601733373, 23.404421882881646 ], [ 119.106448326989806, 23.404721603154954 ], [ 119.106390241665508, 23.405264120083771 ], [ 119.107036150471572, 23.40581244554501 ], [ 119.108262912520445, 23.406279451552258 ], [ 119.108609101053162, 23.406947432781525 ], [ 119.109379312453171, 23.407823359471731 ], [ 119.109188792589521, 23.408841014353193 ], [ 119.107541492792819, 23.41018510875713 ], [ 119.107019886580758, 23.410237385548985 ], [ 119.105390012381349, 23.412679292581895 ], [ 119.104884670060073, 23.41433123920454 ], [ 119.104251540025359, 23.415151403983433 ], [ 119.104572171015434, 23.416514085691144 ], [ 119.105754788217837, 23.417406276272146 ], [ 119.105783830879972, 23.417894192996137 ], [ 119.106782898457681, 23.417805903303226 ], [ 119.106692285351784, 23.417402791152689 ], [ 119.108188563305362, 23.416741780162337 ], [ 119.109530334296323, 23.416735971629908 ], [ 119.110542180645353, 23.417844239617249 ], [ 119.110649057642036, 23.418630714908058 ], [ 119.111142782898469, 23.418820073065227 ], [ 119.11186768774553, 23.418615612723745 ], [ 119.113820516347943, 23.418909524464624 ], [ 119.113686920102111, 23.419649531496006 ], [ 119.112798214640549, 23.420111890677308 ], [ 119.112282416960909, 23.421011051497231 ], [ 119.111552865287905, 23.421505938460129 ], [ 119.11074199416089, 23.422558444536161 ], [ 119.110357469314124, 23.424802861466503 ], [ 119.111098638051999, 23.425549838736799 ], [ 119.112669265220632, 23.425965729658675 ], [ 119.113144403173294, 23.42674523471057 ], [ 119.112964338668007, 23.427700157441802 ], [ 119.11236373641492, 23.428106754711791 ], [ 119.110191345286665, 23.430087464269885 ], [ 119.109781262897229, 23.430090949389342 ], [ 119.108355849039299, 23.429360236009845 ], [ 119.108143256752413, 23.430187371027653 ], [ 119.107671603919215, 23.430004983109402 ], [ 119.105513153268816, 23.429816786658719 ], [ 119.105156509377707, 23.429110469115425 ], [ 119.103956466578012, 23.429132541538653 ], [ 119.103822870332152, 23.42956934317727 ], [ 119.104952049036228, 23.42957747512267 ], [ 119.104699958728844, 23.430629981198702 ], [ 119.103469711560507, 23.430624172666271 ], [ 119.102670457498363, 23.430089787682856 ], [ 119.102235979272706, 23.430724079424039 ], [ 119.10241139695205, 23.431134161813489 ], [ 119.101614466302863, 23.432044939698265 ], [ 119.101649317497447, 23.432547958606566 ], [ 119.101147460295607, 23.433329787071433 ], [ 119.100714143776457, 23.432982436832212 ], [ 119.099791748826817, 23.433100930893751 ], [ 119.100344721114027, 23.431986854373982 ], [ 119.099889332171614, 23.430942480243349 ], [ 119.099087754696484, 23.431110927683775 ], [ 119.099181852921845, 23.431597682701277 ], [ 119.099970651625625, 23.431411809663565 ], [ 119.100098439339064, 23.432127420858748 ], [ 119.099824276608416, 23.432844193760417 ], [ 119.097204628483212, 23.431778908913046 ], [ 119.095700218584227, 23.432471285978512 ], [ 119.095149569710031, 23.431552376148336 ], [ 119.095323825682897, 23.431085370141087 ], [ 119.094612861313635, 23.429777288638206 ], [ 119.092804084315418, 23.429872548570032 ], [ 119.091551764723874, 23.428358845019186 ], [ 119.090588710047228, 23.428378594029446 ], [ 119.089325935097293, 23.42874569327892 ], [ 119.088885648339215, 23.429090720105169 ], [ 119.088541783219455, 23.429915531710005 ], [ 119.087812231546451, 23.429312606043933 ], [ 119.086052246220646, 23.42855749682824 ], [ 119.08551553782425, 23.428722459149206 ], [ 119.084702343284249, 23.427912749728684 ], [ 119.083562709221809, 23.428184589046335 ], [ 119.082708854954831, 23.427175066110273 ], [ 119.081967686216956, 23.427259870683727 ], [ 119.080524846761733, 23.427097231775733 ], [ 119.078877546965032, 23.425828648293365 ], [ 119.078395438773498, 23.42665113648523 ], [ 119.078081778022352, 23.429196435395365 ], [ 119.077412635086574, 23.429382308433077 ], [ 119.073949588052756, 23.428317023585702 ], [ 119.074236529554724, 23.429700616010152 ], [ 119.074945170511, 23.431452469390567 ], [ 119.07339893917856, 23.431904373213495 ], [ 119.072943550236147, 23.430581189526301 ], [ 119.073156142523032, 23.430045642836401 ], [ 119.071361306002643, 23.430668317512726 ], [ 119.070802525183041, 23.430218737102766 ], [ 119.070318093578493, 23.429040766726285 ], [ 119.069898717537171, 23.429185980036994 ], [ 119.069313217468391, 23.427646718943464 ], [ 119.069092493236127, 23.427710612800176 ], [ 119.069640818697366, 23.429261490958567 ], [ 119.067259320401718, 23.430043319423429 ], [ 119.066686599104258, 23.428498249797471 ], [ 119.066383393711504, 23.428593509729296 ], [ 119.066937527705164, 23.430157166659029 ], [ 119.066522798489785, 23.430284954372453 ], [ 119.067174515828242, 23.431868360312439 ], [ 119.069530456581219, 23.432179697650607 ], [ 119.070210054875332, 23.43329725928983 ], [ 119.069636171871423, 23.433839776218647 ], [ 119.068397792757679, 23.433421561883801 ], [ 119.066374100059619, 23.433135782088325 ], [ 119.066534415554628, 23.434068632396325 ], [ 119.066022102994452, 23.435253573011725 ], [ 119.065970987909083, 23.435804221885942 ], [ 119.066786505862012, 23.436860213081431 ], [ 119.066942174531107, 23.438003332263342 ], [ 119.066666850094009, 23.438670151786127 ], [ 119.067202396783898, 23.439209183595484 ], [ 119.067815777808363, 23.438718943458525 ], [ 119.06851280169974, 23.437421317314016 ], [ 119.070821112486811, 23.436830008712803 ], [ 119.071499549074446, 23.436550037449752 ], [ 119.072506748597533, 23.43579841335351 ], [ 119.073269989758643, 23.434780758472055 ], [ 119.073249079041886, 23.43362950734474 ], [ 119.07428996805308, 23.433502881337798 ], [ 119.074736063343579, 23.433921095672645 ], [ 119.076160315495031, 23.433464545023774 ], [ 119.076976995154467, 23.433621375399341 ], [ 119.078774155087814, 23.434582106663001 ], [ 119.079493251402454, 23.435447577994836 ], [ 119.081974656455884, 23.435829779428627 ], [ 119.081350820073055, 23.436493113831951 ], [ 119.0800102107886, 23.438595802571044 ], [ 119.078892649149367, 23.438935020864861 ], [ 119.07870677611163, 23.439434554653708 ], [ 119.079355008330651, 23.440452209535167 ], [ 119.079805750447093, 23.440049097384637 ], [ 119.082680973999175, 23.438355329328509 ], [ 119.083793888812465, 23.439968939637122 ], [ 119.083210712156642, 23.440776325644674 ], [ 119.082361504715607, 23.441084177863381 ], [ 119.080768805123739, 23.442245884349067 ], [ 119.081355466898998, 23.443146206875468 ], [ 119.080248360618157, 23.443718928172913 ], [ 119.078109658978008, 23.4454812369117 ], [ 119.078487213585845, 23.445888995888172 ], [ 119.079356170037158, 23.445999358004315 ], [ 119.080636370584358, 23.444963115819082 ], [ 119.083311780620903, 23.442459638342431 ], [ 119.084895186560885, 23.444026780391621 ], [ 119.082791336115321, 23.445826263737946 ], [ 119.083046911542169, 23.446179422509594 ], [ 119.085180966356347, 23.444375292337323 ], [ 119.086461166903575, 23.445770501826633 ], [ 119.084812705400395, 23.447256324421826 ], [ 119.08415401782301, 23.446605768789844 ], [ 119.083847327310821, 23.446974029745803 ], [ 119.084395652772031, 23.447616453432389 ], [ 119.083260665535533, 23.448538848382022 ], [ 119.081827119732196, 23.447148285718658 ], [ 119.080983720823582, 23.44786041179438 ], [ 119.082453279527982, 23.449289310771771 ], [ 119.080369178092667, 23.451082985585671 ], [ 119.077686797817194, 23.448391311658337 ], [ 119.077207013038617, 23.448241451521685 ], [ 119.075687500955354, 23.449526298894853 ], [ 119.074068082114309, 23.448003301692122 ], [ 119.075548096177073, 23.446825331315637 ], [ 119.076631968328201, 23.447820913773867 ], [ 119.076879411809671, 23.447738432613384 ], [ 119.073324589963448, 23.444255636569299 ], [ 119.07315149569709, 23.444594854863123 ], [ 119.075104324299531, 23.446457070359674 ], [ 119.074215618837997, 23.447240060531026 ], [ 119.071920086822274, 23.445008422372027 ], [ 119.071552987572801, 23.444857400528885 ], [ 119.068056251050905, 23.444886443191027 ], [ 119.067839011938048, 23.445028171382283 ], [ 119.066870148729009, 23.44404304428242 ], [ 119.066293942312086, 23.444003546261907 ], [ 119.066228886748888, 23.44475400865166 ], [ 119.065170572140431, 23.44471102551169 ], [ 119.064909188181161, 23.444410143531897 ], [ 119.06343382094434, 23.444216138548789 ], [ 119.0631213218997, 23.443938490698709 ], [ 119.06326188838446, 23.442923159230219 ], [ 119.06242197459531, 23.442908057045909 ], [ 119.061636661010994, 23.442636217728253 ], [ 119.060625976368442, 23.444483331040495 ], [ 119.05945613793736, 23.445011907491484 ], [ 119.059832530838719, 23.445639228993748 ], [ 119.060433133091834, 23.445991226058915 ], [ 119.062295348588378, 23.446087647697226 ], [ 119.063216581831512, 23.446476819369931 ], [ 119.063865975757011, 23.447104140872202 ], [ 119.064303939102132, 23.448382018006452 ], [ 119.064328334938324, 23.449691261215818 ], [ 119.063865975757011, 23.450065330704209 ], [ 119.063488421149174, 23.453329725928985 ], [ 119.06368823466471, 23.453857140673488 ], [ 119.064589718897594, 23.454815548524177 ], [ 119.066985157671098, 23.455434738081049 ], [ 119.070966325797542, 23.457345745249999 ], [ 119.071855031259076, 23.458241420950465 ], [ 119.072373152351702, 23.459187050029808 ], [ 119.072274407300398, 23.460248849757729 ], [ 119.071367114535093, 23.462621054401495 ], [ 119.068576695556459, 23.466215374268206 ], [ 119.066031396646338, 23.469408905397351 ], [ 119.065882698216171, 23.471019030586511 ], [ 119.066128979991134, 23.471244401644736 ], [ 119.06787618654559, 23.471111967105365 ], [ 119.068490729276533, 23.471843842191351 ], [ 119.070589932896155, 23.471537151679126 ], [ 119.071606426071128, 23.471171214136135 ], [ 119.071779520337515, 23.470814570245032 ], [ 119.073244432215944, 23.470701884715918 ], [ 119.074680301432267, 23.471160758777767 ], [ 119.076564589352046, 23.470744867855888 ], [ 119.078232799865475, 23.4708331575488 ], [ 119.078271136179524, 23.471659130860125 ], [ 119.07994747863836, 23.471499977071584 ], [ 119.080449335840171, 23.470654254750006 ], [ 119.081641246694488, 23.47153598997264 ], [ 119.083274606013362, 23.472041332293916 ], [ 119.083552253863417, 23.472978829427863 ], [ 119.082712340074295, 23.47359569557176 ], [ 119.083029485944877, 23.473990675776893 ], [ 119.085226272909296, 23.474087097415207 ], [ 119.085901224377494, 23.474522737347336 ], [ 119.08715122055608, 23.475960929976615 ], [ 119.088094526222477, 23.476211858577525 ], [ 119.089081976735287, 23.476779933049023 ], [ 119.08941073967074, 23.477809204995342 ], [ 119.090046193118411, 23.478797817214659 ], [ 119.088991363629418, 23.479130065269565 ], [ 119.089311994619464, 23.480363797557363 ], [ 119.08913657694012, 23.480938842267776 ], [ 119.089679093868938, 23.481368673667479 ], [ 119.091729505816176, 23.481649806637016 ], [ 119.092044328273801, 23.481014353189348 ], [ 119.091421653597479, 23.4805392152367 ], [ 119.091299674416462, 23.479540147659012 ], [ 119.091479738921748, 23.478503905473779 ], [ 119.090682808272561, 23.478069427248133 ], [ 119.090709527521739, 23.477496705950692 ], [ 119.091662126840021, 23.476808975711165 ], [ 119.09210822213052, 23.476013206768471 ], [ 119.091538985952525, 23.47548230690451 ], [ 119.092333593188727, 23.475112884242066 ], [ 119.092867978172137, 23.475747175983251 ], [ 119.093621925681333, 23.475463719600743 ], [ 119.093531312575465, 23.475016462603755 ], [ 119.0941702511426, 23.474059216459551 ], [ 119.093904220357388, 23.473397043762709 ], [ 119.09411913605723, 23.47293933140735 ], [ 119.093700921722359, 23.472389844239622 ], [ 119.092773879946805, 23.471796212225438 ], [ 119.091686522676184, 23.470656578162977 ], [ 119.091070818238791, 23.470239525534616 ], [ 119.091212546430057, 23.469268338912585 ], [ 119.091028996805306, 23.468794362666426 ], [ 119.090052001650832, 23.468845477751799 ], [ 119.09079781721465, 23.466689350514365 ], [ 119.091528530594132, 23.466681218568965 ], [ 119.093494137967923, 23.465990003209981 ], [ 119.093149111141685, 23.465749529967447 ], [ 119.09165050977515, 23.466276944711943 ], [ 119.090729276531988, 23.466432613381027 ], [ 119.090445820149483, 23.465584567646477 ], [ 119.090478347931082, 23.464807386007553 ], [ 119.090838476941656, 23.464109200409656 ], [ 119.092677458308486, 23.463483040613873 ], [ 119.093302456397794, 23.463140337200596 ], [ 119.094028522951362, 23.463299490989137 ], [ 119.094805704590271, 23.463107809419 ], [ 119.095256446706713, 23.46357249201327 ], [ 119.095724614420448, 23.463348282661535 ], [ 119.096547102612305, 23.464203298634999 ], [ 119.096477400223165, 23.46553809938705 ], [ 119.097284786230716, 23.465723972424758 ], [ 119.097504348756502, 23.464975833447976 ], [ 119.097225539199968, 23.464199813515542 ], [ 119.097294079882602, 23.463609666620815 ], [ 119.096500634352878, 23.462718637746296 ], [ 119.094979960563109, 23.461764876721546 ], [ 119.093499946500373, 23.460456795218665 ], [ 119.093607985203533, 23.459731890371593 ], [ 119.093290839332951, 23.459355497470234 ], [ 119.093411656807433, 23.45769541890219 ], [ 119.093972761040021, 23.456817168799009 ], [ 119.095683954693442, 23.455701930572754 ], [ 119.096965316947148, 23.455447516852391 ], [ 119.097687898381253, 23.455568334326898 ], [ 119.098510386573111, 23.4561445407438 ], [ 119.099415355925458, 23.458131058834322 ], [ 119.099890493878121, 23.45868054600205 ], [ 119.102090765962004, 23.459198667094665 ], [ 119.102969016065174, 23.458825759312763 ], [ 119.103776402072725, 23.457288821632201 ], [ 119.103598660980424, 23.456455878081965 ], [ 119.10307240794242, 23.45556601091393 ], [ 119.103605631219324, 23.454672658626439 ], [ 119.103161859341782, 23.454204490912705 ], [ 119.103825193745138, 23.453814157533515 ], [ 119.104971798046506, 23.452823221901227 ], [ 119.107062869720721, 23.45226444108161 ], [ 119.106893260573827, 23.453169410433961 ], [ 119.106904877638669, 23.455776279787841 ], [ 119.107388147536739, 23.455570657739873 ], [ 119.107192980847117, 23.457134314669602 ], [ 119.107348649516211, 23.458255361428289 ], [ 119.107646046376544, 23.458975619449415 ], [ 119.109083077299346, 23.460212836856673 ], [ 119.110517784809161, 23.459997921156816 ], [ 119.110752449519254, 23.460334816037665 ], [ 119.110401614160594, 23.461092248666336 ], [ 119.109403708289392, 23.461694012625919 ], [ 119.109597713272507, 23.462312040476302 ], [ 119.10944901484234, 23.463180996927594 ], [ 119.108504547469465, 23.463516730101958 ], [ 119.109451338255298, 23.464607572492017 ], [ 119.108715978049872, 23.465265098362913 ], [ 119.109103988016074, 23.465660078568046 ], [ 119.109802173613986, 23.465428898977393 ], [ 119.109849803579891, 23.466271136179518 ], [ 119.109595389859521, 23.467144739456753 ], [ 119.108690420507173, 23.467804588740623 ], [ 119.108398832179262, 23.468316901300806 ], [ 119.109774292658329, 23.46981666437383 ], [ 119.110987114229374, 23.470241848947591 ], [ 119.111002216413681, 23.47053576068847 ], [ 119.113283807951575, 23.470377768606415 ], [ 119.114259641399542, 23.470635667446238 ], [ 119.115474786383572, 23.471197933385309 ], [ 119.116865349046947, 23.471354763760878 ], [ 119.117891135873805, 23.471141009767511 ], [ 119.118668317512714, 23.472006481099342 ], [ 119.118582351232789, 23.472686079393469 ], [ 119.117347457238509, 23.473128689564518 ], [ 119.118477797649064, 23.474623805811593 ], [ 119.118714785772141, 23.476021338713871 ], [ 119.118352333348611, 23.476963482673764 ], [ 119.118567249048454, 23.477602421240888 ], [ 119.118413903792373, 23.479441402607726 ], [ 119.119035416762188, 23.480152366976967 ], [ 119.119177144953454, 23.48098066370126 ], [ 119.117517066385403, 23.482277128139284 ], [ 119.11744968740922, 23.483161186774893 ], [ 119.117921340242447, 23.483652588618337 ], [ 119.116620228978462, 23.483938368413813 ], [ 119.115971996759441, 23.483513183840053 ], [ 119.115491050274386, 23.483788508277161 ], [ 119.115705965974229, 23.484325216673547 ], [ 119.115262194096687, 23.485635621589402 ], [ 119.114110942969376, 23.486360526436467 ], [ 119.114659268430643, 23.487654667461523 ], [ 119.114582595802574, 23.488226227052476 ], [ 119.11365671573347, 23.489011540636803 ], [ 119.114128368566668, 23.489853777838924 ], [ 119.114589566041474, 23.489755032787642 ], [ 119.115340028431234, 23.490543831491419 ], [ 119.116222925360347, 23.490585652924906 ], [ 119.116389049387806, 23.491360511150859 ], [ 119.116854893688583, 23.491243178795802 ], [ 119.116964094098222, 23.494757340915001 ], [ 119.122445025297679, 23.494751532382569 ], [ 119.123038657311866, 23.493865150333995 ], [ 119.123496369667237, 23.494527323030834 ], [ 119.124591858883235, 23.494612127604288 ], [ 119.12432815151098, 23.49616532917565 ], [ 119.123942464957736, 23.496869323305976 ], [ 119.121698048027383, 23.500054722489722 ], [ 119.121428532122707, 23.500338178872234 ], [ 119.118382537717252, 23.499894406994699 ], [ 119.116750340104858, 23.500779627336794 ], [ 119.116089329114487, 23.500012901056241 ], [ 119.116143929319321, 23.499051008086091 ], [ 119.115243606792916, 23.499198544809776 ], [ 119.114399046177823, 23.499623729383536 ], [ 119.113699698873461, 23.500785435869219 ], [ 119.114108619556418, 23.501822839760937 ], [ 119.113329114504523, 23.502329343788695 ], [ 119.11170272542455, 23.50292529921585 ], [ 119.111716665902378, 23.503473624677095 ], [ 119.110444597300557, 23.503932498738937 ], [ 119.107356781461618, 23.506386022836704 ], [ 119.106784060164159, 23.507596520994792 ], [ 119.107147674294197, 23.508523562770367 ], [ 119.107994558322247, 23.508619984408679 ], [ 119.108415096070075, 23.508178535944118 ], [ 119.109429265832063, 23.507902049800528 ], [ 119.110358631020631, 23.508267987343519 ], [ 119.110981305696953, 23.508120450619835 ], [ 119.112360251295456, 23.508178535944118 ], [ 119.113372097644486, 23.508549120313052 ], [ 119.11369505204749, 23.509523792054544 ], [ 119.114709221809505, 23.510479876492262 ], [ 119.116574922425514, 23.511618348848231 ], [ 119.11644364959264, 23.513976613014172 ], [ 119.115520092936521, 23.517289799911349 ], [ 119.115076321059007, 23.51721080387032 ], [ 119.114512893413433, 23.516573027009677 ], [ 119.112783112456242, 23.516388315678455 ], [ 119.111980373274633, 23.515654117179501 ], [ 119.111326332523191, 23.514655049601814 ], [ 119.111310068632406, 23.513918527689889 ], [ 119.110988275935853, 23.512608122774036 ], [ 119.110229681600714, 23.511957567142055 ], [ 119.109654636890298, 23.512385075128783 ], [ 119.109043579278818, 23.513221503798476 ], [ 119.109534981122266, 23.514184558475112 ], [ 119.1081200226227, 23.515642500114645 ], [ 119.105058926032939, 23.516929670900783 ], [ 119.10421901224376, 23.517086501276349 ], [ 119.103491783983742, 23.516864615337585 ], [ 119.102283609238611, 23.516894819706213 ], [ 119.100567768759277, 23.51635927301631 ], [ 119.099821953195459, 23.515808624142096 ], [ 119.099347976949304, 23.51488158236652 ], [ 119.098841472921549, 23.514435487076017 ], [ 119.098054997630726, 23.51416248605188 ], [ 119.096997844728747, 23.514542364072703 ], [ 119.097204628483212, 23.51506513199126 ], [ 119.097929533330273, 23.515755185643759 ], [ 119.097618195992112, 23.517518656089027 ], [ 119.098587059201179, 23.518330688922518 ], [ 119.098814753672372, 23.519591140459486 ], [ 119.09941419421898, 23.51994546093762 ], [ 119.100162333195755, 23.52102817138228 ], [ 119.099821953195459, 23.522144571315021 ], [ 119.099392121795745, 23.522565109062842 ], [ 119.10062933920301, 23.523211017868885 ], [ 119.101795692514628, 23.524282111248684 ], [ 119.102356796747216, 23.524510967426366 ], [ 119.103959951697448, 23.525605294935879 ], [ 119.10498225340487, 23.52676119288914 ], [ 119.105431833814833, 23.528439858760951 ], [ 119.1051414071934, 23.530171963131107 ], [ 119.104653490469417, 23.530810901698235 ], [ 119.104443221595517, 23.531687990094923 ], [ 119.103696244325221, 23.533154063679859 ], [ 119.104050564803345, 23.533716329618933 ], [ 119.104141177909241, 23.53480252518305 ], [ 119.103911160025064, 23.535390348664805 ], [ 119.103010837498658, 23.536561348802376 ], [ 119.102183702480858, 23.537178214946273 ], [ 119.099833570260301, 23.538228397609331 ], [ 119.097541523364072, 23.539721190443441 ], [ 119.09613121169042, 23.539594564436499 ], [ 119.097173262408091, 23.541193072560802 ], [ 119.097047798107639, 23.542764861435934 ], [ 119.096604026230096, 23.543359655156603 ], [ 119.095707188823155, 23.543307378364748 ], [ 119.095141437764624, 23.543762767307136 ], [ 119.094939300836131, 23.544613136454657 ], [ 119.09422833646687, 23.546116384647135 ], [ 119.090652603903948, 23.548683755980498 ], [ 119.089804558169391, 23.54944815884808 ], [ 119.089864966906646, 23.549959309701784 ], [ 119.08935962458537, 23.551224408064694 ], [ 119.090805949160057, 23.552058513321413 ], [ 119.090808272573014, 23.552640528270743 ], [ 119.090334296326859, 23.553243453936812 ], [ 119.089075006496387, 23.554234389569103 ], [ 119.087858699805878, 23.554146099876188 ], [ 119.087936534140425, 23.555236942266248 ], [ 119.089232998578439, 23.555153299399279 ], [ 119.090130997691887, 23.555714403631864 ], [ 119.089375888476184, 23.556585683496127 ], [ 119.087999266290637, 23.556909799605631 ], [ 119.088285046086099, 23.558073829504291 ], [ 119.088846150318716, 23.559089160972782 ], [ 119.087750661102689, 23.560084743431013 ], [ 119.086571529019722, 23.559591018174597 ], [ 119.085765304718677, 23.560296174011405 ], [ 119.084407269836902, 23.560930465752591 ], [ 119.083259503829055, 23.560785252441878 ], [ 119.081098729765671, 23.561047798107644 ], [ 119.078613839592776, 23.561062900291958 ], [ 119.076992097338774, 23.560779443909453 ], [ 119.072462603751092, 23.55799367175678 ], [ 119.071800431054243, 23.556982987114232 ], [ 119.071745830849409, 23.556029226089485 ], [ 119.071368276241571, 23.554103116736222 ], [ 119.07196074654928, 23.553395637486439 ], [ 119.070965164091035, 23.553170266428214 ], [ 119.070024181837653, 23.552591736598345 ], [ 119.069164519038225, 23.551535745402855 ], [ 119.068793934669287, 23.549574784855018 ], [ 119.067547423610165, 23.547993702328 ], [ 119.066960761834878, 23.548816190519865 ], [ 119.063673132480403, 23.551576405129854 ], [ 119.062172207700883, 23.552913529294877 ], [ 119.060346005105373, 23.553235321991412 ], [ 119.057640390700243, 23.554854740832457 ], [ 119.056866694180769, 23.554585224927777 ], [ 119.055170602711655, 23.552724171137712 ], [ 119.049935953287161, 23.546740221029946 ], [ 119.047868115742659, 23.544256492563552 ], [ 119.043281698537157, 23.538345729964387 ], [ 119.042922731233091, 23.537333883615354 ], [ 119.042104889867176, 23.536188441020471 ], [ 119.041386955259014, 23.535475153238259 ], [ 119.041663441402591, 23.534929151189989 ], [ 119.042473150823128, 23.534896623408386 ], [ 119.04282863300773, 23.535389186958319 ], [ 119.04399266290639, 23.535403127436147 ], [ 119.043839317650281, 23.533360847434313 ], [ 119.04404377799176, 23.532326928662052 ], [ 119.042562602222517, 23.532153834395686 ], [ 119.041374176487665, 23.531195426544997 ], [ 119.041098852050567, 23.529657327157949 ], [ 119.041201082221306, 23.528948686201684 ], [ 119.0407538252243, 23.527856682105138 ], [ 119.039150670274068, 23.526936610568477 ], [ 119.038443191024299, 23.527615047156115 ], [ 119.037492915119003, 23.52780789043274 ], [ 119.037475489521711, 23.526302318827291 ], [ 119.039613029455381, 23.52590153008973 ], [ 119.039585148499697, 23.525728435823364 ], [ 119.036348634230592, 23.526368536096975 ], [ 119.036449702694853, 23.527394322923836 ], [ 119.032551015728899, 23.52648354503906 ], [ 119.031129086990404, 23.525846929884903 ], [ 119.029917427125838, 23.524744470429987 ], [ 119.029481787193703, 23.523594381009158 ], [ 119.028720869445579, 23.523316733159078 ], [ 119.026917900979811, 23.523485180599508 ], [ 119.026319622139681, 23.523339967288795 ], [ 119.022637012580049, 23.52321682640131 ], [ 119.022886779474476, 23.523750049678242 ], [ 119.022525488757424, 23.524176395958484 ], [ 119.021226700906425, 23.524589963467388 ], [ 119.020181165069317, 23.52288109322695 ], [ 119.019956955717589, 23.524704972409474 ], [ 119.019236697696442, 23.524613197597105 ], [ 119.017045719264445, 23.523377141896333 ], [ 119.0158259274545, 23.522350193362989 ], [ 119.015175371822494, 23.521576496843526 ], [ 119.014798978921135, 23.520743553293286 ], [ 119.014584063221292, 23.519433148377438 ], [ 119.014938383699416, 23.518967304076675 ], [ 119.01508824383609, 23.517755644212109 ], [ 119.016091958239713, 23.516640405985846 ], [ 119.016683266840914, 23.516423166873025 ], [ 119.016691398786321, 23.515549563595791 ], [ 119.017077085339565, 23.514580700386727 ], [ 119.018277128139289, 23.513063511716425 ], [ 119.018616346433106, 23.512446645572528 ], [ 119.017855428684982, 23.511787957995143 ], [ 119.016888888888872, 23.511376713899207 ], [ 119.0166855902539, 23.510968954922735 ], [ 119.016739028752227, 23.509995444887728 ], [ 119.017204873053004, 23.508920866388472 ], [ 119.018568716467172, 23.506980816557377 ], [ 119.019196037969465, 23.506315158741081 ], [ 119.019347059812588, 23.50519527368888 ], [ 119.018589627183928, 23.502803320034854 ], [ 119.018395622200813, 23.500879534094562 ], [ 119.017106128001728, 23.501258250408895 ], [ 119.017680011005638, 23.499240366243257 ], [ 119.019089160972783, 23.497593066446555 ], [ 119.01930175325964, 23.496404640711699 ], [ 119.019213463566757, 23.495770348970517 ], [ 119.020349612509762, 23.494709710949088 ], [ 119.02073994588892, 23.493922073951794 ], [ 119.020276425001128, 23.492976444872443 ], [ 119.020218339676859, 23.492160926919492 ], [ 119.020622613533874, 23.491646290946338 ], [ 119.020920010394207, 23.490344017975882 ], [ 119.020716711759235, 23.489736445483867 ], [ 119.019762950734474, 23.488682777701353 ], [ 119.018969505204751, 23.486261781385185 ], [ 119.018208587456627, 23.484866571895878 ], [ 119.017020161721774, 23.483311046911545 ], [ 119.017093349230379, 23.482660491279564 ], [ 119.016502040629149, 23.481710215374271 ], [ 119.015066171412855, 23.481738096329927 ], [ 119.014243683220997, 23.481504593326306 ], [ 119.013335228749185, 23.482119136057232 ], [ 119.012452331820072, 23.48190654377035 ], [ 119.011280169976004, 23.481865884043355 ], [ 119.00873022423994, 23.479469283563382 ], [ 119.008957918711104, 23.478230904449646 ], [ 119.009305268950328, 23.477367756530782 ], [ 119.010304336528009, 23.475890065880989 ], [ 119.010728359395301, 23.474137050794091 ], [ 119.01190052123934, 23.472580364103273 ], [ 119.012838018373316, 23.471677718163896 ], [ 119.01302040629156, 23.47120838874368 ], [ 119.012919337827299, 23.469435624646525 ], [ 119.012403540147659, 23.468383118570493 ], [ 119.011716971614618, 23.467910304030816 ], [ 119.00921465584446, 23.46780807386008 ], [ 119.008047140826335, 23.467258586692349 ], [ 119.008036685467971, 23.464497210375878 ], [ 119.00890912703872, 23.464163800614486 ], [ 119.008905641919256, 23.46312291160331 ], [ 119.009517861237214, 23.461872915424713 ], [ 119.008321303556954, 23.460977239724251 ], [ 119.008581525809745, 23.460076917197842 ], [ 119.009520184650171, 23.459557634398745 ], [ 119.011360327723509, 23.458780452759818 ], [ 119.010939789975708, 23.457336451598113 ], [ 119.010141697620014, 23.456992586478354 ], [ 119.009898900964515, 23.455648492074413 ], [ 119.010095229360587, 23.45495262988949 ], [ 119.009550389018813, 23.454673820332921 ], [ 119.009316886015199, 23.454113877806826 ], [ 119.010346157961521, 23.452780238761257 ], [ 119.011485792023961, 23.453474939239698 ], [ 119.011719295027603, 23.453190321150704 ], [ 119.010381009156077, 23.452546735757636 ], [ 119.01113611837178, 23.451632472753403 ], [ 119.011928402195025, 23.451180568930468 ], [ 119.013029699943445, 23.451276990568779 ], [ 119.014275049296089, 23.451059751455958 ], [ 119.014966264655072, 23.450457987496371 ], [ 119.014963941242115, 23.44996658565293 ], [ 119.014002048271948, 23.449012824628181 ], [ 119.013525748612835, 23.448102046743404 ], [ 119.012910044175413, 23.447395729200107 ], [ 119.011604286085515, 23.446572079301756 ], [ 119.010162608336771, 23.446610415615787 ], [ 119.00899160819921, 23.44693453172529 ], [ 119.007913544580475, 23.446253771724678 ], [ 119.007100350040503, 23.446164320325281 ], [ 119.006555509698728, 23.446992617049574 ], [ 119.005374054202775, 23.447523516913531 ], [ 119.003644273245584, 23.44810320844989 ], [ 119.00190287522355, 23.448447073569653 ], [ 119.000397303618087, 23.449281178826372 ], [ 118.999654973173762, 23.449377600464683 ], [ 118.9976707784962, 23.449253297870715 ], [ 118.996546246618038, 23.449757478485505 ], [ 118.996059491600562, 23.449651763195305 ], [ 118.9947177206096, 23.450148973571178 ], [ 118.994448204704895, 23.449783036028187 ], [ 118.993411962519673, 23.450816954800452 ], [ 118.991564849207435, 23.451302548111467 ], [ 118.98960853548553, 23.451282799101211 ], [ 118.988136653368173, 23.450668256370282 ], [ 118.986830895278274, 23.450412680943433 ], [ 118.984849024013698, 23.448868773023957 ], [ 118.984540010088494, 23.448379694593484 ], [ 118.984566729337672, 23.447296984148824 ], [ 118.984066033842339, 23.446480304489388 ], [ 118.983865058620324, 23.445643875819695 ], [ 118.983082068448965, 23.445494015683042 ], [ 118.98212366059829, 23.444920132679115 ], [ 118.980039559162947, 23.445394108925271 ], [ 118.97833765916144, 23.445584628788925 ], [ 118.975981718408462, 23.446339738004621 ], [ 118.974197337246437, 23.445732165512606 ], [ 118.974397150761973, 23.44687179957506 ], [ 118.972184099906741, 23.446997263875517 ], [ 118.970317237584254, 23.446556977117442 ], [ 118.969829320860271, 23.446041179437795 ], [ 118.969665520245798, 23.445189648583789 ], [ 118.97039623362528, 23.444878311245628 ], [ 118.969649256354984, 23.44387111172254 ], [ 118.968685039971859, 23.443548157319515 ], [ 118.967529142018634, 23.442233105577724 ], [ 118.966774032802931, 23.44160113724951 ], [ 118.964283334097615, 23.441931061891445 ], [ 118.963815166383881, 23.441869491447701 ], [ 118.962648813072263, 23.441128322709837 ], [ 118.961753137371772, 23.440970330627781 ], [ 118.960172054844776, 23.441431528102598 ], [ 118.959718989315348, 23.441832316840163 ], [ 118.958620014979886, 23.442184313905326 ], [ 118.956864676480023, 23.442422463734889 ], [ 118.956120022622713, 23.443513306124949 ], [ 118.956171137708083, 23.444245181210931 ], [ 118.956849574295717, 23.445850659574148 ], [ 118.957813790678841, 23.447190107152139 ], [ 118.958662998119877, 23.448057901896949 ], [ 118.959806117301781, 23.448495865242052 ], [ 118.960858623377817, 23.448508644013394 ], [ 118.961877439965747, 23.449241680805859 ], [ 118.962983384540138, 23.449573928860765 ], [ 118.963363262560932, 23.449916632274043 ], [ 118.964264746793845, 23.450152458690635 ], [ 118.965435746931405, 23.450909891319306 ], [ 118.967645312667173, 23.451737026337113 ], [ 118.968441081609882, 23.452339952003186 ], [ 118.969206646183949, 23.453349474939241 ], [ 118.969758456764652, 23.454449610981186 ], [ 118.970314914171297, 23.455066477125083 ], [ 118.971029363659994, 23.45659412115376 ], [ 118.971772855810826, 23.457626878219536 ], [ 118.971735681203285, 23.458490026138399 ], [ 118.972491952125466, 23.459148713715784 ], [ 118.973465462160448, 23.459543693920914 ], [ 118.974764250011475, 23.459723758426193 ], [ 118.975808624142104, 23.458681707708536 ], [ 118.976812338545727, 23.458114794943523 ], [ 118.976577673835607, 23.457325996239746 ], [ 118.97787994680607, 23.456352486204739 ], [ 118.979103223735507, 23.455999327433091 ], [ 118.979931520459786, 23.454885250913321 ], [ 118.980555356842615, 23.454555326271386 ], [ 118.980341602849222, 23.45381648094649 ], [ 118.981190810290286, 23.453493526543468 ], [ 118.983066966264659, 23.453400590024611 ], [ 118.983877837391674, 23.453516760673178 ], [ 118.984578346402543, 23.453247244768505 ], [ 118.986503294049299, 23.454003515690683 ], [ 118.987252594732581, 23.454659879855097 ], [ 118.98788340135431, 23.454878280674404 ], [ 118.989211231867444, 23.455956344293121 ], [ 118.989988413506353, 23.455586921630672 ], [ 118.990772565384191, 23.456038825453604 ], [ 118.990513504837907, 23.456409409822538 ], [ 118.990720288592343, 23.457672184772473 ], [ 118.991223307500633, 23.457767444704306 ], [ 118.992687057672612, 23.458919857538103 ], [ 118.993085522997205, 23.46056831904129 ], [ 118.993413124226151, 23.460262790235554 ], [ 118.993398022041845, 23.459257914125434 ], [ 118.992768377126623, 23.458350621360115 ], [ 118.993499090506106, 23.458273948732064 ], [ 118.994735146206864, 23.459243973647609 ], [ 118.99506158572936, 23.460684489689857 ], [ 118.995453080815025, 23.461404747710983 ], [ 118.997472126687143, 23.463226303480536 ], [ 118.997972822182476, 23.464058085324289 ], [ 118.997970498769519, 23.464530899863959 ], [ 118.997414041362873, 23.465552039864878 ], [ 118.99769052750645, 23.467143577750264 ], [ 118.99813546109047, 23.46834013543052 ], [ 118.997928677336034, 23.469193989697501 ], [ 118.998633833172846, 23.469836413384087 ], [ 118.99886152764401, 23.471325721098733 ], [ 118.998206325186089, 23.47149300683267 ], [ 118.998507207165886, 23.472071536662543 ], [ 118.999387780682042, 23.472000672566917 ], [ 118.999239082251876, 23.473602665810677 ], [ 118.998449121841617, 23.47456804390028 ], [ 118.998084346005101, 23.475489277143428 ], [ 118.997577841977346, 23.475852891273448 ], [ 118.996390577948972, 23.477270173185982 ], [ 118.99587710368229, 23.477403769431838 ], [ 118.994941929961328, 23.478523654484036 ], [ 118.994285565796929, 23.479068494825821 ], [ 118.992978646000523, 23.479415845065045 ], [ 118.992347839378795, 23.480118677488885 ], [ 118.991914522859645, 23.480067562403512 ], [ 118.990442640742259, 23.480560125953446 ], [ 118.989034652481621, 23.480533406704271 ], [ 118.985958453707525, 23.481410495100963 ], [ 118.984909432750953, 23.481843811620124 ], [ 118.983775607220906, 23.481247856192965 ], [ 118.982246801485758, 23.481362865135051 ], [ 118.982242154659815, 23.482729031962219 ], [ 118.983169196435398, 23.483232050870516 ], [ 118.984034667767219, 23.483100778037635 ], [ 118.984599257119271, 23.483486464590882 ], [ 118.985645954662857, 23.48361425230431 ], [ 118.986574158144919, 23.483221595512148 ], [ 118.987200317940733, 23.483730422952878 ], [ 118.987221228657461, 23.485036181042787 ], [ 118.985583222512645, 23.485597285275372 ], [ 118.985283502239355, 23.486091010531787 ], [ 118.98471426606136, 23.485999235719419 ], [ 118.984132251112044, 23.48666954036166 ], [ 118.984768866266194, 23.487870744867859 ], [ 118.985633175891536, 23.488560798520357 ], [ 118.986502132342821, 23.490490392993078 ], [ 118.9871201601932, 23.490630959477844 ], [ 118.987394322923848, 23.489832867122178 ], [ 118.987302548111472, 23.489085889851886 ], [ 118.987640604698782, 23.488819859066666 ], [ 118.988600174255964, 23.488789654698035 ], [ 118.988940554256288, 23.489190443435596 ], [ 118.990298589138035, 23.489544763913731 ], [ 118.990690084223729, 23.488536402684154 ], [ 118.991779764907278, 23.489218324391253 ], [ 118.992092263951946, 23.488587517769524 ], [ 118.991718194463544, 23.487875391693802 ], [ 118.991692636920874, 23.48721670411642 ], [ 118.99131392060653, 23.486793842955628 ], [ 118.991244218217389, 23.486128185139332 ], [ 118.991898258968831, 23.485600770394829 ], [ 118.991181486067177, 23.484649332783054 ], [ 118.991675211323582, 23.483660720563737 ], [ 118.992166613167029, 23.483269225478061 ], [ 118.993392213509424, 23.482842879197815 ], [ 118.994076458629507, 23.482940462542611 ], [ 118.994663120404766, 23.483913972577614 ], [ 118.994630592623167, 23.484346127390292 ], [ 118.995282309961624, 23.484651656196029 ], [ 118.995771388392114, 23.483900032099786 ], [ 118.996325522385774, 23.483640971553477 ], [ 118.998897540545073, 23.484846822885622 ], [ 118.99910897112548, 23.485297565002067 ], [ 118.999278580272374, 23.48671252350163 ], [ 118.998880114947781, 23.487712752785804 ], [ 118.997554607847633, 23.488855871967722 ], [ 118.997397777472059, 23.489716696473611 ], [ 118.996672872624998, 23.490570550740589 ], [ 118.99683086470705, 23.493219241527953 ], [ 118.997438437199065, 23.49289512541845 ], [ 118.998071567233779, 23.493516638388289 ], [ 118.998071567233779, 23.494730621665827 ], [ 118.997414041362873, 23.494355390470954 ], [ 118.997131746686847, 23.494886290334911 ], [ 118.997741642591819, 23.495177878662819 ], [ 118.997711438223178, 23.496151388697818 ], [ 118.998490943275101, 23.496531266718641 ], [ 118.999460968190647, 23.496420904602498 ], [ 118.999954693447052, 23.49794738692469 ], [ 119.000063893856719, 23.498915088427268 ], [ 118.999323886825323, 23.498965041806152 ], [ 119.000809709420508, 23.500554256278569 ], [ 119.001922624233799, 23.500398587609489 ], [ 119.003579217682386, 23.500765686858962 ], [ 119.004161232631731, 23.5014278595558 ], [ 119.004456306079078, 23.502446676143752 ], [ 119.004131028263089, 23.503722229865033 ], [ 119.002339676862164, 23.505125571299736 ], [ 119.002562724507413, 23.505943412665662 ], [ 119.002065514131544, 23.506194341266568 ], [ 119.001636844438337, 23.505794714235495 ], [ 119.00101881658793, 23.505856284679233 ], [ 119.000370584368937, 23.506655538741384 ], [ 118.999805995016885, 23.506768224270495 ], [ 118.999646841228355, 23.507277051711224 ], [ 119.000684245120055, 23.50737579676251 ], [ 119.00068773023952, 23.508498005227679 ], [ 118.999773467235286, 23.508459668913655 ], [ 118.998494428394537, 23.507459439629478 ], [ 118.999349444368022, 23.507165527888599 ], [ 118.99941449993122, 23.506823986181811 ], [ 118.998632671466339, 23.506123477170942 ], [ 118.998536249828049, 23.507007535806551 ], [ 118.996179147368565, 23.50797291389615 ], [ 118.995684260405682, 23.508674584613505 ], [ 118.995018602589397, 23.508810504272329 ], [ 118.994613167025875, 23.509689916081992 ], [ 118.99412641200837, 23.50991993396616 ], [ 118.994160101496448, 23.510518212806289 ], [ 118.993226089481965, 23.511646229803887 ], [ 118.993538588526604, 23.512371134650959 ], [ 118.995243973647604, 23.513997523730918 ], [ 118.99573653719753, 23.513930144754745 ], [ 118.996263951942041, 23.514820011922779 ], [ 118.996908699041597, 23.514721266871497 ], [ 118.9987337399306, 23.515777258066983 ], [ 118.999079928463345, 23.51698775622507 ], [ 118.999102000886552, 23.517939193836845 ], [ 118.998166827165591, 23.519515629537917 ], [ 118.997335045321847, 23.520134819094789 ], [ 118.996983048256681, 23.520951498754229 ], [ 118.99733969214779, 23.522314180461933 ], [ 118.996770455969795, 23.523244707356966 ], [ 118.996562510508852, 23.52422054080494 ], [ 118.997154980816561, 23.524914079576899 ], [ 118.997403586004481, 23.525956130294556 ], [ 118.997806698155017, 23.526421974595316 ], [ 118.998049494810516, 23.52837015637181 ], [ 118.998633833172846, 23.529020712003796 ], [ 118.998598981978262, 23.529542318215867 ], [ 118.999595726142985, 23.53027419330185 ], [ 119.00046468259427, 23.530076703199281 ], [ 119.001075740205749, 23.529579492823409 ], [ 119.002350132220528, 23.529876889683745 ], [ 119.002776478500778, 23.530483300469268 ], [ 119.003020436862784, 23.532318796716652 ], [ 119.003503706760824, 23.533510707570965 ], [ 119.004522523348754, 23.534650341633427 ], [ 119.004437718775307, 23.535256752418952 ], [ 119.00530667522662, 23.53646260375109 ], [ 119.005264853793136, 23.537684718974035 ], [ 119.005545986762655, 23.537969337063025 ], [ 119.005597101848025, 23.538892893719144 ], [ 119.006259274544874, 23.540149860136658 ], [ 119.006568288470049, 23.541171000137574 ], [ 119.007534828266159, 23.541894743278153 ], [ 119.007512755842924, 23.543653566897483 ], [ 119.008028553522564, 23.544465599730977 ], [ 119.008615215297851, 23.544817596796136 ], [ 119.009945369223942, 23.544679353724344 ], [ 119.010207914889719, 23.543670992494768 ], [ 119.011382400146744, 23.544459791198545 ], [ 119.011262744378712, 23.545296219868241 ], [ 119.011965576802538, 23.546175631677905 ], [ 119.013385182128076, 23.545806209015456 ], [ 119.013638434141939, 23.545225355772615 ], [ 119.014392381651163, 23.54499301447548 ], [ 119.015219516668964, 23.543687256385567 ], [ 119.016486938444842, 23.543655890310454 ], [ 119.016905152779685, 23.544233258433842 ], [ 119.016797114076525, 23.545703978844717 ], [ 119.015702786567005, 23.546220938230846 ], [ 119.014595680286163, 23.547190963146392 ], [ 119.014685131685525, 23.547819446355149 ], [ 119.01443884991059, 23.548689564512927 ], [ 119.013627978783575, 23.549395882056224 ], [ 119.012821754482502, 23.54909616178292 ], [ 119.011886580761512, 23.548370095229362 ], [ 119.010572690726207, 23.54872906253344 ], [ 119.010712095504516, 23.549661912841447 ], [ 119.010134727381114, 23.549884960486697 ], [ 119.009764143012177, 23.550727197688818 ], [ 119.009779245196484, 23.551442808884001 ], [ 119.010627290931041, 23.552216505403464 ], [ 119.010696993320181, 23.552892618578134 ], [ 119.011876125403148, 23.55279968205928 ], [ 119.013270173185987, 23.552355910181749 ], [ 119.013360786291855, 23.552056189908441 ], [ 119.014912826156745, 23.551697222604368 ], [ 119.016364959263825, 23.552087555983558 ], [ 119.016765748001404, 23.552611485608598 ], [ 119.017473227251202, 23.552854282264111 ], [ 119.018679078583318, 23.552585928065913 ], [ 119.019642133259964, 23.552597545130773 ], [ 119.019974381314853, 23.552935601718104 ], [ 119.021924886504337, 23.55322254322007 ], [ 119.02199923571942, 23.552233931000753 ], [ 119.022618425276306, 23.551513672979624 ], [ 119.02254639947418, 23.550479754207366 ], [ 119.021696030326666, 23.54909616178292 ], [ 119.02226061967869, 23.547834548539463 ], [ 119.020750401247312, 23.546791336115319 ], [ 119.020263646229807, 23.545914247718624 ], [ 119.018813836535685, 23.545157976796446 ], [ 119.018581495238521, 23.544334326898095 ], [ 119.017056174622837, 23.54391495085676 ], [ 119.016698369025221, 23.543544366487826 ], [ 119.016684428547393, 23.542807844575904 ], [ 119.017139817489806, 23.541955152015412 ], [ 119.016847067455416, 23.541706546827474 ], [ 119.016470674554029, 23.540613381024443 ], [ 119.016515981106977, 23.540041821433487 ], [ 119.019199523088929, 23.537869430305257 ], [ 119.020337995444891, 23.537463994741753 ], [ 119.021419544183061, 23.537660323137832 ], [ 119.02175179223795, 23.538592011739354 ], [ 119.022111921248523, 23.538438666483241 ], [ 119.02298552452578, 23.538824353036489 ], [ 119.023339845003903, 23.539431925528504 ], [ 119.024004341113709, 23.539313431466962 ], [ 119.024084498861214, 23.53862802464041 ], [ 119.023358432307674, 23.538026260680827 ], [ 119.023559407529689, 23.537211904434361 ], [ 119.025044068418396, 23.536124547163755 ], [ 119.026297549716446, 23.535345042111864 ], [ 119.027840295929423, 23.534746763271738 ], [ 119.028790571834747, 23.535281148255152 ], [ 119.028864921049802, 23.534521392213513 ], [ 119.029596796135792, 23.533851087571275 ], [ 119.0301892664435, 23.533657082588164 ], [ 119.034571223307495, 23.533159872212291 ], [ 119.035530792864677, 23.533266749208973 ], [ 119.036054722489723, 23.534093884226781 ], [ 119.037339569862894, 23.534275110438546 ], [ 119.037792635392293, 23.534105501291634 ], [ 119.039287751639392, 23.534488864431914 ], [ 119.039952247749198, 23.534975619449416 ], [ 119.040874642698839, 23.535284633374609 ], [ 119.042164136897952, 23.537421011601783 ], [ 119.04235698017456, 23.538041362865137 ], [ 119.043087693554043, 23.538418917472985 ], [ 119.044672261200532, 23.540527414744506 ], [ 119.045739869460874, 23.541808776998217 ], [ 119.049793063389416, 23.546919123828744 ], [ 119.049894131853677, 23.54737218935816 ], [ 119.050642270830451, 23.547991378915032 ], [ 119.056088350835353, 23.554249491753414 ], [ 119.056793506672165, 23.555191635713303 ], [ 119.056237049265519, 23.555594747863839 ], [ 119.056573944146379, 23.556075694348912 ], [ 119.05464551138013, 23.557396554623136 ], [ 119.054222650219344, 23.556915608138063 ], [ 119.054211033154473, 23.556360312437903 ], [ 119.053005181822357, 23.556088473120255 ], [ 119.05266015499609, 23.556884242062949 ], [ 119.053658060867321, 23.557825224316353 ], [ 119.054545604622348, 23.558307332507912 ], [ 119.053974045031424, 23.558990415921496 ], [ 119.053260757249205, 23.560633068892255 ], [ 119.05325146359732, 23.561292918176125 ], [ 119.054573485578032, 23.56190513749408 ], [ 119.054988214793411, 23.562265266504642 ], [ 119.055445927148781, 23.563207410464532 ], [ 119.055428501551489, 23.564758288622922 ], [ 119.055797924213948, 23.565191605142083 ], [ 119.056640161416055, 23.565502942480247 ], [ 119.058171290564189, 23.567932070741811 ], [ 119.059884807630567, 23.56815628009355 ], [ 119.064691949068333, 23.570454135522237 ], [ 119.069839470506395, 23.570637685146973 ], [ 119.071196343681692, 23.571068678253162 ], [ 119.07190963146391, 23.571139542348789 ], [ 119.073743966004798, 23.571712263646234 ], [ 119.073900796380372, 23.571158129652563 ], [ 119.075393589214485, 23.570851439140341 ], [ 119.076961892970161, 23.571515935250154 ], [ 119.077851760138174, 23.572648599073695 ], [ 119.078329221503793, 23.572528943305667 ], [ 119.079756958774709, 23.573357240029964 ], [ 119.080519038229312, 23.573215511838708 ], [ 119.081877073111087, 23.573921829382005 ], [ 119.083445376866763, 23.574235490133141 ], [ 119.084270188471578, 23.574694364194986 ], [ 119.085543418779906, 23.576045428837837 ], [ 119.085499273933436, 23.576865593616731 ], [ 119.086439094480369, 23.576872563855645 ], [ 119.08763449045415, 23.577649745494568 ], [ 119.089741826019178, 23.578342122560034 ], [ 119.09089307714649, 23.577582366518399 ], [ 119.092883080356444, 23.576982925971787 ], [ 119.09489631769614, 23.574905794775379 ], [ 119.095067088549541, 23.573630241054097 ], [ 119.095661882270207, 23.573004081258315 ], [ 119.096520383363156, 23.572647437367209 ] ] ], [ [ [ 119.070266978493152, 23.509983827822872 ], [ 119.070007917946839, 23.510819094786079 ], [ 119.072303449962533, 23.511463841885636 ], [ 119.072920316106433, 23.512095810213847 ], [ 119.072460280338106, 23.5129601198392 ], [ 119.072448663273263, 23.51372103758732 ], [ 119.072821571055158, 23.514391342229562 ], [ 119.073620825117331, 23.5146236835267 ], [ 119.07429693829198, 23.514395989055505 ], [ 119.075142660613551, 23.513230797450365 ], [ 119.075133366961666, 23.512400177313097 ], [ 119.075623607098635, 23.51183442625457 ], [ 119.075743262866666, 23.511070023386988 ], [ 119.076345026826232, 23.5095598049556 ], [ 119.076334571467868, 23.508904602497672 ], [ 119.075337827303144, 23.508063527002037 ], [ 119.075292520750224, 23.507487320585135 ], [ 119.075171703275714, 23.508442243316367 ], [ 119.073065529417164, 23.508722214579418 ], [ 119.0717957842283, 23.509002185842469 ], [ 119.070266978493152, 23.509983827822872 ] ] ], [ [ [ 119.152881735222621, 23.545806209015456 ], [ 119.152183549624738, 23.545098729765673 ], [ 119.152322954403019, 23.543935861573505 ], [ 119.14997398388897, 23.542632426896567 ], [ 119.149687042387001, 23.541455618226568 ], [ 119.149628957062731, 23.539890799590346 ], [ 119.149452377676909, 23.539395912627448 ], [ 119.149819476926382, 23.538329466073588 ], [ 119.148698430167684, 23.538991638770426 ], [ 119.148683327983377, 23.542336191742713 ], [ 119.148248849757721, 23.542431451674542 ], [ 119.147217254398441, 23.541318536861258 ], [ 119.146953547026186, 23.542174714541208 ], [ 119.147052292077461, 23.543551336726743 ], [ 119.145190076580917, 23.543202824781034 ], [ 119.145111080539891, 23.543425872426287 ], [ 119.146968649210493, 23.543774384371993 ], [ 119.14709759863041, 23.545247428195843 ], [ 119.146975619449421, 23.546598492838694 ], [ 119.147254429005983, 23.546739059323464 ], [ 119.147611072897064, 23.547855459256205 ], [ 119.14872631112334, 23.548634964308096 ], [ 119.150619892695005, 23.548126136867367 ], [ 119.151448189419284, 23.547807829290296 ], [ 119.15202904266215, 23.547928646764802 ], [ 119.153028110239831, 23.547195609972334 ], [ 119.152881735222621, 23.545806209015456 ] ] ], [ [ [ 119.187833998257446, 23.567653261185249 ], [ 119.187408813683675, 23.56674596841993 ], [ 119.187918802830893, 23.566499686644963 ], [ 119.186968526925597, 23.565903731217805 ], [ 119.186638602283665, 23.566059399886893 ], [ 119.186926705492112, 23.562633527460605 ], [ 119.186199477232094, 23.562689289371917 ], [ 119.186063557573249, 23.56200969107779 ], [ 119.187409975390153, 23.560339157151375 ], [ 119.186407422693009, 23.559199523088918 ], [ 119.186666483239321, 23.55846997141591 ], [ 119.187976888155163, 23.558752266091933 ], [ 119.187880466516873, 23.557963467388149 ], [ 119.187426239280967, 23.557640512985127 ], [ 119.186485257027556, 23.55757894254139 ], [ 119.185545436480652, 23.557803151893125 ], [ 119.184864676480032, 23.556709986090095 ], [ 119.184265235933424, 23.556526436465358 ], [ 119.183761055318627, 23.556814539673805 ], [ 119.182564497638367, 23.556989957353149 ], [ 119.181947631494467, 23.556258082267167 ], [ 119.179804283028403, 23.556542700356157 ], [ 119.179023616270001, 23.556905152779692 ], [ 119.179211812720695, 23.557376805612879 ], [ 119.179042203573772, 23.558179544794488 ], [ 119.178131425689003, 23.559087999266293 ], [ 119.176839608076904, 23.55847810336131 ], [ 119.176114703229842, 23.557670717353759 ], [ 119.174935571146875, 23.559070573669008 ], [ 119.174921630669047, 23.55936913223583 ], [ 119.176394674492883, 23.560679537151685 ], [ 119.177829382002727, 23.561234832851838 ], [ 119.180274774155095, 23.561180232647011 ], [ 119.181319148285723, 23.561907460907051 ], [ 119.182146283303524, 23.56218162363767 ], [ 119.182670212928571, 23.563228321181278 ], [ 119.182515705965955, 23.563805689304662 ], [ 119.18328824077895, 23.564748994971037 ], [ 119.183569373748469, 23.565658611149328 ], [ 119.184196695250762, 23.566040812583118 ], [ 119.183743629721334, 23.56735121749897 ], [ 119.184084009721659, 23.567767108420846 ], [ 119.183959707127684, 23.568375842619346 ], [ 119.184182754772934, 23.569227373473353 ], [ 119.185296831292703, 23.569151862551781 ], [ 119.185833539689099, 23.569204139343636 ], [ 119.186394643921659, 23.568713899206678 ], [ 119.18712535730117, 23.568729001390995 ], [ 119.187833998257446, 23.567653261185249 ] ] ], [ [ [ 119.188524051909923, 23.582738019901871 ], [ 119.189627673071328, 23.582602100243044 ], [ 119.189726418122632, 23.582268690481651 ], [ 119.189131624401938, 23.581428776692505 ], [ 119.189380229589887, 23.579898809250857 ], [ 119.190171351706624, 23.578794026382969 ], [ 119.190826554164545, 23.578623255529571 ], [ 119.19070108986412, 23.577711315938313 ], [ 119.190028461808907, 23.577612570887027 ], [ 119.189523119487632, 23.576772657097877 ], [ 119.189125815869517, 23.576690175937394 ], [ 119.18901545375337, 23.577939010409505 ], [ 119.187876981397409, 23.576971308906931 ], [ 119.187317038871328, 23.577595145289738 ], [ 119.185732471224838, 23.577885571911164 ], [ 119.185415325354256, 23.57837116522218 ], [ 119.186317971293619, 23.57866391525657 ], [ 119.186901147949442, 23.579524739762466 ], [ 119.186327264945504, 23.580468045428841 ], [ 119.186697849314442, 23.580994298466855 ], [ 119.186191345286659, 23.582475474236105 ], [ 119.186620014979894, 23.582664832393274 ], [ 119.187748031977492, 23.581723850139866 ], [ 119.187960624264377, 23.582081655737458 ], [ 119.187310068632399, 23.583232906864769 ], [ 119.187433209519867, 23.583658091438529 ], [ 119.18823246358204, 23.584170403998719 ], [ 119.188828419009184, 23.584395775056944 ], [ 119.189301233548861, 23.584129744271721 ], [ 119.188598401125034, 23.583493129117564 ], [ 119.188524051909923, 23.582738019901871 ] ] ], [ [ [ 119.128060714449475, 23.664272389599674 ], [ 119.129453600525807, 23.664397853900127 ], [ 119.130916188991307, 23.6638158389508 ], [ 119.131212424145133, 23.663266351783069 ], [ 119.132317207013045, 23.662611149325144 ], [ 119.133914553430856, 23.662288194922123 ], [ 119.134579049540662, 23.66180724843705 ], [ 119.134918267834479, 23.660746610415618 ], [ 119.135631555616698, 23.660389966524512 ], [ 119.136807202580201, 23.659409486250595 ], [ 119.136544656914452, 23.65888090979961 ], [ 119.137213799850201, 23.658067715259627 ], [ 119.137080203604341, 23.656423900582386 ], [ 119.137690099509342, 23.655608382629435 ], [ 119.137795814799517, 23.655097231775731 ], [ 119.136767704559702, 23.654188777303926 ], [ 119.136284434661661, 23.654458293208606 ], [ 119.135596704422142, 23.654295654300611 ], [ 119.134701028721679, 23.653769401262593 ], [ 119.133878540529793, 23.654381620580548 ], [ 119.133571850017574, 23.654170190000155 ], [ 119.132834166399164, 23.652699469589276 ], [ 119.132141789333701, 23.652421821739203 ], [ 119.133089741826012, 23.651728282967245 ], [ 119.133042111860107, 23.651298451567541 ], [ 119.131119487626307, 23.651822381192588 ], [ 119.131063725714995, 23.652318429861971 ], [ 119.131619021415133, 23.652927164060475 ], [ 119.130172696840447, 23.65280402317299 ], [ 119.12934904694211, 23.653180416074353 ], [ 119.128208251173163, 23.652190642148547 ], [ 119.128372051787665, 23.65156564405925 ], [ 119.126747986120648, 23.651721312728331 ], [ 119.126301890830149, 23.651246174775686 ], [ 119.125274942296812, 23.65165161033919 ], [ 119.125431772672385, 23.652225493343117 ], [ 119.124512862842209, 23.652905091637244 ], [ 119.123627642500111, 23.652787759282187 ], [ 119.123209428165268, 23.652377676892741 ], [ 119.122441540178244, 23.650416716344907 ], [ 119.124021460998762, 23.649941578392262 ], [ 119.12412485287598, 23.65016346433103 ], [ 119.126893199431379, 23.649339814432675 ], [ 119.127449656838024, 23.648857706241117 ], [ 119.127626236223847, 23.647957383714711 ], [ 119.121750324819232, 23.649830054569637 ], [ 119.120128582565229, 23.649353754910507 ], [ 119.1192875070696, 23.648546368902956 ], [ 119.118430167683158, 23.648086333134621 ], [ 119.117695969184211, 23.647208083031444 ], [ 119.116737561333508, 23.645365616545149 ], [ 119.116572599012528, 23.644456000366858 ], [ 119.116154384677685, 23.643966921936382 ], [ 119.115748949114192, 23.642382354289911 ], [ 119.115120465905449, 23.6421639534706 ], [ 119.114129530273146, 23.641439048623532 ], [ 119.113858852661991, 23.640821020773149 ], [ 119.11377056296908, 23.639654667461521 ], [ 119.114107457849911, 23.636846822885623 ], [ 119.114832362697001, 23.635666529096166 ], [ 119.114385105699995, 23.634569878173679 ], [ 119.113495238531982, 23.634177221381517 ], [ 119.112655324742803, 23.634274804726314 ], [ 119.111863040919587, 23.634749942678958 ], [ 119.111991990339504, 23.636008070802959 ], [ 119.112495009247795, 23.638269913330582 ], [ 119.112553094572093, 23.639512939270269 ], [ 119.112032650066482, 23.641174179544798 ], [ 119.111225264058959, 23.642835419819328 ], [ 119.110489903853505, 23.644844010333077 ], [ 119.109846318460427, 23.645554974702318 ], [ 119.108623041531018, 23.646542425215149 ], [ 119.107074486785592, 23.646564497638373 ], [ 119.106212500573207, 23.646937405420278 ], [ 119.105443450879676, 23.64812002262271 ], [ 119.105472493541839, 23.648886748903259 ], [ 119.106146283303531, 23.649408355115334 ], [ 119.105673468763854, 23.649921829382006 ], [ 119.10680264746793, 23.650743155867385 ], [ 119.1070570611883, 23.651638831567851 ], [ 119.107211568150916, 23.653117683924123 ], [ 119.109781262897229, 23.654383943993523 ], [ 119.111889760168737, 23.654929946041793 ], [ 119.112697146176316, 23.655285428226414 ], [ 119.113762431023673, 23.656105593005307 ], [ 119.113862337781455, 23.656560981947699 ], [ 119.114943886519626, 23.657453172528701 ], [ 119.115545650479191, 23.659124868161602 ], [ 119.115686216963979, 23.660112318674436 ], [ 119.116275202152224, 23.662037266321217 ], [ 119.117033796487362, 23.663101389462103 ], [ 119.117206890753721, 23.663777502636769 ], [ 119.117999174576966, 23.665170388713108 ], [ 119.118560278809554, 23.665324895675703 ], [ 119.119252655875016, 23.664860213081429 ], [ 119.120192476421948, 23.665336512740559 ], [ 119.120272634169453, 23.666581862093217 ], [ 119.119698751165515, 23.666802586325495 ], [ 119.117987557512123, 23.665521224071785 ], [ 119.116874642698832, 23.665431772672385 ], [ 119.116907170480431, 23.666427355130619 ], [ 119.117598385839415, 23.666998914721574 ], [ 119.118512648843648, 23.667252166735455 ], [ 119.11922477491936, 23.667210345301971 ], [ 119.119857904954074, 23.66750425704285 ], [ 119.11951055471485, 23.668741474450105 ], [ 119.120550282019536, 23.66895755185644 ], [ 119.121670167071727, 23.669618562846793 ], [ 119.121815380382429, 23.670219165099894 ], [ 119.123121138472357, 23.671301875544554 ], [ 119.122903899359528, 23.671971018480306 ], [ 119.123196649393918, 23.672655263600376 ], [ 119.123756591920028, 23.672519343941552 ], [ 119.123513795264529, 23.671680591858888 ], [ 119.124038886596054, 23.671010287216646 ], [ 119.124622063251849, 23.668972654040754 ], [ 119.123721740725472, 23.66713715779337 ], [ 119.124745204139344, 23.66585928065912 ], [ 119.125121597040703, 23.665781446324576 ], [ 119.12663762400453, 23.664705706118834 ], [ 119.128060714449475, 23.664272389599674 ] ] ], [ [ [ 119.119258464407437, 23.689138716925758 ], [ 119.118943641949841, 23.687737698904023 ], [ 119.11893202488497, 23.686964002384556 ], [ 119.118438299628565, 23.686189144158607 ], [ 119.11744968740922, 23.685539750233108 ], [ 119.115223857782667, 23.684544167774877 ], [ 119.114691796212242, 23.683977255009861 ], [ 119.113252441876455, 23.682842267773349 ], [ 119.112156952660456, 23.68061759985326 ], [ 119.112101190749144, 23.679910120603477 ], [ 119.111662065697544, 23.678862261353391 ], [ 119.111526146038727, 23.677493771113255 ], [ 119.111042876140687, 23.675723330429072 ], [ 119.110541018938875, 23.675880160804638 ], [ 119.109536142828745, 23.674174775683653 ], [ 119.109371180507793, 23.672260283395243 ], [ 119.107975971018476, 23.671536540254664 ], [ 119.107402088014538, 23.6716387704254 ], [ 119.106603995658901, 23.672591369743664 ], [ 119.106448326989806, 23.673564879778667 ], [ 119.106461105761156, 23.676276302716257 ], [ 119.106190428150001, 23.676709619235417 ], [ 119.10708842726342, 23.678424298008288 ], [ 119.108282661530694, 23.68016104920439 ], [ 119.108894880848652, 23.680755842925056 ], [ 119.108623041531018, 23.68125072988796 ], [ 119.108483636752709, 23.682336925452077 ], [ 119.109249201326776, 23.682614573302153 ], [ 119.109137677504151, 23.68325932040171 ], [ 119.109853288699355, 23.68325932040171 ], [ 119.109532657709309, 23.684543006068392 ], [ 119.110163464331009, 23.685303923816516 ], [ 119.11128915791565, 23.685215634123605 ], [ 119.111506397028478, 23.684582504088901 ], [ 119.112378838599227, 23.68465801501047 ], [ 119.112412528087305, 23.68536897937971 ], [ 119.112110484401029, 23.685896394124214 ], [ 119.113225722627277, 23.686881521224077 ], [ 119.113999419146751, 23.686919857538101 ], [ 119.11436884180921, 23.687792299108853 ], [ 119.115071674233036, 23.687946806071448 ], [ 119.114963635529875, 23.688413812078693 ], [ 119.115486403448415, 23.688951682181564 ], [ 119.116061448158831, 23.68892844805185 ], [ 119.116298436281909, 23.689533697130894 ], [ 119.115436450069552, 23.689529050304948 ], [ 119.115874413414645, 23.690542058360467 ], [ 119.117287048501254, 23.691105486006027 ], [ 119.117316091163389, 23.691797863071493 ], [ 119.11803402577155, 23.692 ], [ 119.118008468228851, 23.691118264777366 ], [ 119.118692713348935, 23.690569939316124 ], [ 119.118470827410164, 23.689724216994549 ], [ 119.119620916830996, 23.689565063206004 ], [ 119.119258464407437, 23.689138716925758 ] ] ] ] } }
]
}
